Word,Unicode_Sequence,Frequency,Language_ID
students,"(115, 116, 117, 100, 101, 110, 116, 115)",1,0
kill,"(107, 105, 108, 108)",2,0
again,"(97, 103, 97, 105, 110)",7,0
doozy,"(100, 111, 111, 122, 121)",1,0
by,"(98, 121)",15,0
slow,"(115, 108, 111, 119)",6,0
raised,"(114, 97, 105, 115, 101, 100)",1,0
waterlogged,"(119, 97, 116, 101, 114, 108, 111, 103, 103, 101, 100)",1,0
unambiguous,"(117, 110, 97, 109, 98, 105, 103, 117, 111, 117, 115)",1,0
waiting,"(119, 97, 105, 116, 105, 110, 103)",2,0
part,"(112, 97, 114, 116)",2,0
roger,"(114, 111, 103, 101, 114)",7,0
remove,"(114, 101, 109, 111, 118, 101)",1,0
dangerously,"(100, 97, 110, 103, 101, 114, 111, 117, 115, 108, 121)",1,0
plane,"(112, 108, 97, 110, 101)",1,0
bring,"(98, 114, 105, 110, 103)",9,0
soured,"(115, 111, 117, 114, 101, 100)",1,0
feeling,"(102, 101, 101, 108, 105, 110, 103)",3,0
seen,"(115, 101, 101, 110)",5,0
large,"(108, 97, 114, 103, 101)",1,0
drawn,"(100, 114, 97, 119, 110)",1,0
mowing,"(109, 111, 119, 105, 110, 103)",1,0
components,"(99, 111, 109, 112, 111, 110, 101, 110, 116, 115)",2,0
building,"(98, 117, 105, 108, 100, 105, 110, 103)",3,0
suddenly,"(115, 117, 100, 100, 101, 110, 108, 121)",1,0
deep,"(100, 101, 101, 112)",2,0
general,"(103, 101, 110, 101, 114, 97, 108)",1,0
storm,"(115, 116, 111, 114, 109)",1,0
anything,"(97, 110, 121, 116, 104, 105, 110, 103)",10,0
transmitter,"(116, 114, 97, 110, 115, 109, 105, 116, 116, 101, 114)",3,0
six,"(115, 105, 120)",2,0
edmunds,"(101, 100, 109, 117, 110, 100, 115)",14,0
asian,"(97, 115, 105, 97, 110)",1,0
evidence,"(101, 118, 105, 100, 101, 110, 99, 101)",1,0
soviets,"(115, 111, 118, 105, 101, 116, 115)",1,0
launching,"(108, 97, 117, 110, 99, 104, 105, 110, 103)",1,0
farming,"(102, 97, 114, 109, 105, 110, 103)",3,0
changing,"(99, 104, 97, 110, 103, 105, 110, 103)",1,0
faith,"(102, 97, 105, 116, 104)",3,0
confirm,"(99, 111, 110, 102, 105, 114, 109)",1,0
equation,"(101, 113, 117, 97, 116, 105, 111, 110)",6,0
run,"(114, 117, 110)",6,0
was,"(119, 97, 115)",75,0
initial,"(105, 110, 105, 116, 105, 97, 108)",2,0
prove,"(112, 114, 111, 118, 101)",1,0
best,"(98, 101, 115, 116)",7,0
trip,"(116, 114, 105, 112)",1,0
mechanics,"(109, 101, 99, 104, 97, 110, 105, 99, 115)",1,0
gently,"(103, 101, 110, 116, 108, 121)",1,0
hab,"(104, 97, 98)",1,0
20th,"(50, 48, 116, 104)",1,0
disabled,"(100, 105, 115, 97, 98, 108, 101, 100)",1,0
sun,"(115, 117, 110)",2,0
read,"(114, 101, 97, 100)",5,0
indian,"(105, 110, 100, 105, 97, 110)",2,0
lunar,"(108, 117, 110, 97, 114)",1,0
term,"(116, 101, 114, 109)",1,0
translate,"(116, 114, 97, 110, 115, 108, 97, 116, 101)",1,0
compass,"(99, 111, 109, 112, 97, 115, 115)",2,0
cyst,"(99, 121, 115, 116)",1,0
percent,"(112, 101, 114, 99, 101, 110, 116)",16,0
kurling,"(107, 117, 114, 108, 105, 110, 103)",1,0
potential,"(112, 111, 116, 101, 110, 116, 105, 97, 108)",3,0
our,"(111, 117, 114)",40,0
hi,"(104, 105)",2,0
destroy,"(100, 101, 115, 116, 114, 111, 121)",2,0
visit,"(118, 105, 115, 105, 116)",2,0
observations,"(111, 98, 115, 101, 114, 118, 97, 116, 105, 111, 110, 115)",2,0
hibernation,"(104, 105, 98, 101, 114, 110, 97, 116, 105, 111, 110)",1,0
beneath,"(98, 101, 110, 101, 97, 116, 104)",1,0
love,"(108, 111, 118, 101)",12,0
selfdestruct,"(115, 101, 108, 102, 100, 101, 115, 116, 114, 117, 99, 116)",1,0
tried,"(116, 114, 105, 101, 100)",3,0
touch,"(116, 111, 117, 99, 104)",2,0
step,"(115, 116, 101, 112)",3,0
april,"(97, 112, 114, 105, 108)",2,0
whether,"(119, 104, 101, 116, 104, 101, 114)",2,0
habitat,"(104, 97, 98, 105, 116, 97, 116)",1,0
secret,"(115, 101, 99, 114, 101, 116)",3,0
longterm,"(108, 111, 110, 103, 116, 101, 114, 109)",1,0
work,"(119, 111, 114, 107)",10,0
until,"(117, 110, 116, 105, 108)",3,0
families,"(102, 97, 109, 105, 108, 105, 101, 115)",2,0
measure,"(109, 101, 97, 115, 117, 114, 101)",2,0
sort,"(115, 111, 114, 116)",3,0
cooked,"(99, 111, 111, 107, 101, 100)",1,0
centrifuge,"(99, 101, 110, 116, 114, 105, 102, 117, 103, 101)",1,0
pulled,"(112, 117, 108, 108, 101, 100)",1,0
smart,"(115, 109, 97, 114, 116)",1,0
then,"(116, 104, 101, 110)",23,0
fifteenth,"(102, 105, 102, 116, 101, 101, 110, 116, 104)",1,0
real,"(114, 101, 97, 108)",7,0
transcends,"(116, 114, 97, 110, 115, 99, 101, 110, 100, 115)",1,0
60,"(54, 48)",1,0
decommissioned,"(100, 101, 99, 111, 109, 109, 105, 115, 115, 105, 111, 110, 101, 100)",1,0
are,"(97, 114, 101)",55,0
nobody,"(110, 111, 98, 111, 100, 121)",4,0
interfering,"(105, 110, 116, 101, 114, 102, 101, 114, 105, 110, 103)",1,0
buried,"(98, 117, 114, 105, 101, 100)",3,0
mask,"(109, 97, 115, 107)",1,0
hands,"(104, 97, 110, 100, 115)",1,0
support,"(115, 117, 112, 112, 111, 114, 116)",2,0
completing,"(99, 111, 109, 112, 108, 101, 116, 105, 110, 103)",2,0
naked,"(110, 97, 107, 101, 100)",1,0
diplomatic,"(100, 105, 112, 108, 111, 109, 97, 116, 105, 99)",1,0
literal,"(108, 105, 116, 101, 114, 97, 108)",1,0
computers,"(99, 111, 109, 112, 117, 116, 101, 114, 115)",1,0
fuel,"(102, 117, 101, 108)",9,0
disturb,"(100, 105, 115, 116, 117, 114, 98)",1,0
lower,"(108, 111, 119, 101, 114)",1,0
scrubbers,"(115, 99, 114, 117, 98, 98, 101, 114, 115)",1,0
dirt,"(100, 105, 114, 116)",4,0
90,"(57, 48)",3,0
clock,"(99, 108, 111, 99, 107)",3,0
endlessly,"(101, 110, 100, 108, 101, 115, 115, 108, 121)",1,0
dotdashdotdot,"(100, 111, 116, 100, 97, 115, 104, 100, 111, 116, 100, 111, 116)",2,0
worlds,"(119, 111, 114, 108, 100, 115)",4,0
200,"(50, 48, 48)",1,0
stubborn,"(115, 116, 117, 98, 98, 111, 114, 110)",1,0
wanted,"(119, 97, 110, 116, 101, 100)",4,0
most,"(109, 111, 115, 116)",3,0
ourselves,"(111, 117, 114, 115, 101, 108, 118, 101, 115)",1,0
tied,"(116, 105, 101, 100)",1,0
all,"(97, 108, 108)",65,0
source,"(115, 111, 117, 114, 99, 101)",3,0
quantum,"(113, 117, 97, 110, 116, 117, 109)",4,0
fertilized,"(102, 101, 114, 116, 105, 108, 105, 122, 101, 100)",1,0
slingshot,"(115, 108, 105, 110, 103, 115, 104, 111, 116)",2,0
true,"(116, 114, 117, 101)",2,0
very,"(118, 101, 114, 121)",11,0
drone,"(100, 114, 111, 110, 101)",2,0
spray,"(115, 112, 114, 97, 121)",1,0
hidden,"(104, 105, 100, 100, 101, 110)",1,0
feeds,"(102, 101, 101, 100, 115)",1,0
talks,"(116, 97, 108, 107, 115)",1,0
colonization,"(99, 111, 108, 111, 110, 105, 122, 97, 116, 105, 111, 110)",1,0
eject,"(101, 106, 101, 99, 116)",6,0
works,"(119, 111, 114, 107, 115)",1,0
fourteen,"(102, 111, 117, 114, 116, 101, 101, 110)",1,0
glasses,"(103, 108, 97, 115, 115, 101, 115)",2,0
suspended,"(115, 117, 115, 112, 101, 110, 100, 101, 100)",1,0
transcend,"(116, 114, 97, 110, 115, 99, 101, 110, 100)",1,0
rockets,"(114, 111, 99, 107, 101, 116, 115)",1,0
95,"(57, 53)",1,0
first,"(102, 105, 114, 115, 116)",12,0
constructed,"(99, 111, 110, 115, 116, 114, 117, 99, 116, 101, 100)",1,0
laws,"(108, 97, 119, 115)",1,0
control,"(99, 111, 110, 116, 114, 111, 108)",10,0
men,"(109, 101, 110)",2,0
helmets,"(104, 101, 108, 109, 101, 116, 115)",2,0
aerodynamics,"(97, 101, 114, 111, 100, 121, 110, 97, 109, 105, 99, 115)",1,0
killed,"(107, 105, 108, 108, 101, 100)",1,0
watch,"(119, 97, 116, 99, 104)",5,0
fire,"(102, 105, 114, 101)",4,0
hoping,"(104, 111, 112, 105, 110, 103)",2,0
light,"(108, 105, 103, 104, 116)",8,0
blackness,"(98, 108, 97, 99, 107, 110, 101, 115, 115)",3,0
piece,"(112, 105, 101, 99, 101)",3,0
sterile,"(115, 116, 101, 114, 105, 108, 101)",1,0
engineer,"(101, 110, 103, 105, 110, 101, 101, 114)",2,0
taxes,"(116, 97, 120, 101, 115)",1,0
helps,"(104, 101, 108, 112, 115)",1,0
what,"(119, 104, 97, 116)",106,0
hitting,"(104, 105, 116, 116, 105, 110, 103)",1,0
here,"(104, 101, 114, 101)",84,0
nights,"(110, 105, 103, 104, 116, 115)",1,0
same,"(115, 97, 109, 101)",7,0
eggs,"(101, 103, 103, 115)",1,0
pray,"(112, 114, 97, 121)",2,0
120,"(49, 50, 48)",1,0
know,"(107, 110, 111, 119)",59,0
the,"(116, 104, 101)",412,0
rom,"(114, 111, 109)",6,0
portside,"(112, 111, 114, 116, 115, 105, 100, 101)",1,0
spinning,"(115, 112, 105, 110, 110, 105, 110, 103)",2,0
mom,"(109, 111, 109)",5,0
prepare,"(112, 114, 101, 112, 97, 114, 101)",4,0
cryobeds,"(99, 114, 121, 111, 98, 101, 100, 115)",1,0
minute,"(109, 105, 110, 117, 116, 101)",4,0
across,"(97, 99, 114, 111, 115, 115)",3,0
bonding,"(98, 111, 110, 100, 105, 110, 103)",1,0
understood,"(117, 110, 100, 101, 114, 115, 116, 111, 111, 100)",1,0
unless,"(117, 110, 108, 101, 115, 115)",3,0
dedicated,"(100, 101, 100, 105, 99, 97, 116, 101, 100)",1,0
older,"(111, 108, 100, 101, 114)",2,0
present,"(112, 114, 101, 115, 101, 110, 116)",2,0
fighting,"(102, 105, 103, 104, 116, 105, 110, 103)",1,0
explosion,"(101, 120, 112, 108, 111, 115, 105, 111, 110)",1,0
case,"(99, 97, 115, 101)",27,0
loneliest,"(108, 111, 110, 101, 108, 105, 101, 115, 116)",1,0
grass,"(103, 114, 97, 115, 115)",1,0
soviet,"(115, 111, 118, 105, 101, 116)",1,0
tminus,"(116, 109, 105, 110, 117, 115)",2,0
others,"(111, 116, 104, 101, 114, 115)",4,0
galaxy,"(103, 97, 108, 97, 120, 121)",4,0
billion,"(98, 105, 108, 108, 105, 111, 110)",1,0
hub,"(104, 117, 98)",1,0
exmilitary,"(101, 120, 109, 105, 108, 105, 116, 97, 114, 121)",1,0
readings,"(114, 101, 97, 100, 105, 110, 103, 115)",1,0
barn,"(98, 97, 114, 110)",1,0
confirmed,"(99, 111, 110, 102, 105, 114, 109, 101, 100)",3,0
33,"(51, 51)",1,0
lose,"(108, 111, 115, 101)",3,0
wheat,"(119, 104, 101, 97, 116)",3,0
air,"(97, 105, 114)",7,0
dear,"(100, 101, 97, 114)",2,0
trunk,"(116, 114, 117, 110, 107)",1,0
sewing,"(115, 101, 119, 105, 110, 103)",1,0
represents,"(114, 101, 112, 114, 101, 115, 101, 110, 116, 115)",1,0
suffocate,"(115, 117, 102, 102, 111, 99, 97, 116, 101)",3,0
additional,"(97, 100, 100, 105, 116, 105, 111, 110, 97, 108)",1,0
office,"(111, 102, 102, 105, 99, 101)",1,0
class,"(99, 108, 97, 115, 115)",1,0
explored,"(101, 120, 112, 108, 111, 114, 101, 100)",1,0
responding,"(114, 101, 115, 112, 111, 110, 100, 105, 110, 103)",1,0
birthday,"(98, 105, 114, 116, 104, 100, 97, 121)",1,0
nosing,"(110, 111, 115, 105, 110, 103)",1,0
tight,"(116, 105, 103, 104, 116)",1,0
maximum,"(109, 97, 120, 105, 109, 117, 109)",1,0
patch,"(112, 97, 116, 99, 104)",2,0
hello,"(104, 101, 108, 108, 111)",5,0
playing,"(112, 108, 97, 121, 105, 110, 103)",1,0
transmitting,"(116, 114, 97, 110, 115, 109, 105, 116, 116, 105, 110, 103)",2,0
emergency,"(101, 109, 101, 114, 103, 101, 110, 99, 121)",1,0
stretches,"(115, 116, 114, 101, 116, 99, 104, 101, 115)",1,0
complicated,"(99, 111, 109, 112, 108, 105, 99, 97, 116, 101, 100)",1,0
dissipates,"(100, 105, 115, 115, 105, 112, 97, 116, 101, 115)",1,0
crack,"(99, 114, 97, 99, 107)",2,0
extra,"(101, 120, 116, 114, 97)",1,0
generation,"(103, 101, 110, 101, 114, 97, 116, 105, 111, 110)",2,0
swell,"(115, 119, 101, 108, 108)",1,0
entry,"(101, 110, 116, 114, 121)",1,0
brother,"(98, 114, 111, 116, 104, 101, 114)",1,0
dashes,"(100, 97, 115, 104, 101, 115)",1,0
dog,"(100, 111, 103)",1,0
68,"(54, 56)",1,0
affirmative,"(97, 102, 102, 105, 114, 109, 97, 116, 105, 118, 101)",1,0
useful,"(117, 115, 101, 102, 117, 108)",1,0
turn,"(116, 117, 114, 110)",2,0
town,"(116, 111, 119, 110)",1,0
busy,"(98, 117, 115, 121)",1,0
based,"(98, 97, 115, 101, 100)",1,0
power,"(112, 111, 119, 101, 114)",4,0
research,"(114, 101, 115, 101, 97, 114, 99, 104)",2,0
start,"(115, 116, 97, 114, 116)",7,0
procedure,"(112, 114, 111, 99, 101, 100, 117, 114, 101)",1,0
lie,"(108, 105, 101)",2,0
exponential,"(101, 120, 112, 111, 110, 101, 110, 116, 105, 97, 108)",1,0
growth,"(103, 114, 111, 119, 116, 104)",1,0
next,"(110, 101, 120, 116)",10,0
some,"(115, 111, 109, 101)",20,0
movement,"(109, 111, 118, 101, 109, 101, 110, 116)",1,0
faked,"(102, 97, 107, 101, 100)",2,0
us,"(117, 115)",65,0
money,"(109, 111, 110, 101, 121)",1,0
button,"(98, 117, 116, 116, 111, 110)",1,0
connection,"(99, 111, 110, 110, 101, 99, 116, 105, 111, 110)",1,0
wouldn,"(119, 111, 117, 108, 100, 110)",9,0
faster,"(102, 97, 115, 116, 101, 114)",5,0
learned,"(108, 101, 97, 114, 110, 101, 100)",3,0
thousand,"(116, 104, 111, 117, 115, 97, 110, 100)",1,0
weight,"(119, 101, 105, 103, 104, 116)",2,0
tested,"(116, 101, 115, 116, 101, 100)",1,0
been,"(98, 101, 101, 110)",24,0
chitchat,"(99, 104, 105, 116, 99, 104, 97, 116)",1,0
other,"(111, 116, 104, 101, 114)",11,0
face,"(102, 97, 99, 101)",3,0
stable,"(115, 116, 97, 98, 108, 101)",1,0
transmit,"(116, 114, 97, 110, 115, 109, 105, 116)",3,0
rebroadcast,"(114, 101, 98, 114, 111, 97, 100, 99, 97, 115, 116)",1,0
farm,"(102, 97, 114, 109)",3,0
chase,"(99, 104, 97, 115, 101)",1,0
appeared,"(97, 112, 112, 101, 97, 114, 101, 100)",1,0
herbicide,"(104, 101, 114, 98, 105, 99, 105, 100, 101)",1,0
lying,"(108, 121, 105, 110, 103)",1,0
reading,"(114, 101, 97, 100, 105, 110, 103)",1,0
agree,"(97, 103, 114, 101, 101)",1,0
cryosleep,"(99, 114, 121, 111, 115, 108, 101, 101, 112)",1,0
represented,"(114, 101, 112, 114, 101, 115, 101, 110, 116, 101, 100)",1,0
remarkable,"(114, 101, 109, 97, 114, 107, 97, 98, 108, 101)",3,0
possibly,"(112, 111, 115, 115, 105, 98, 108, 121)",1,0
dimensions,"(100, 105, 109, 101, 110, 115, 105, 111, 110, 115)",9,0
front,"(102, 114, 111, 110, 116)",1,0
surveillance,"(115, 117, 114, 118, 101, 105, 108, 108, 97, 110, 99, 101)",1,0
landing,"(108, 97, 110, 100, 105, 110, 103)",2,0
anomaly,"(97, 110, 111, 109, 97, 108, 121)",4,0
boot,"(98, 111, 111, 116)",1,0
solid,"(115, 111, 108, 105, 100)",1,0
he,"(104, 101)",58,0
bright,"(98, 114, 105, 103, 104, 116)",3,0
stars,"(115, 116, 97, 114, 115)",2,0
answer,"(97, 110, 115, 119, 101, 114)",3,0
everything,"(101, 118, 101, 114, 121, 116, 104, 105, 110, 103)",5,0
knocking,"(107, 110, 111, 99, 107, 105, 110, 103)",1,0
gold,"(103, 111, 108, 100)",1,0
personal,"(112, 101, 114, 115, 111, 110, 97, 108)",2,0
supervise,"(115, 117, 112, 101, 114, 118, 105, 115, 101)",1,0
target,"(116, 97, 114, 103, 101, 116)",1,0
miller,"(109, 105, 108, 108, 101, 114)",18,0
iteration,"(105, 116, 101, 114, 97, 116, 105, 111, 110)",2,0
bestkept,"(98, 101, 115, 116, 107, 101, 112, 116)",1,0
definitely,"(100, 101, 102, 105, 110, 105, 116, 101, 108, 121)",2,0
abandoned,"(97, 98, 97, 110, 100, 111, 110, 101, 100)",1,0
landings,"(108, 97, 110, 100, 105, 110, 103, 115)",1,0
thinking,"(116, 104, 105, 110, 107, 105, 110, 103)",3,0
room,"(114, 111, 111, 109)",3,0
switched,"(115, 119, 105, 116, 99, 104, 101, 100)",1,0
spring,"(115, 112, 114, 105, 110, 103)",1,0
disable,"(100, 105, 115, 97, 98, 108, 101)",1,0
carrying,"(99, 97, 114, 114, 121, 105, 110, 103)",1,0
sheet,"(115, 104, 101, 101, 116)",2,0
leads,"(108, 101, 97, 100, 115)",1,0
girl,"(103, 105, 114, 108)",4,0
need,"(110, 101, 101, 100)",26,0
or,"(111, 114)",19,0
efficient,"(101, 102, 102, 105, 99, 105, 101, 110, 116)",1,0
planets,"(112, 108, 97, 110, 101, 116, 115)",1,0
stepping,"(115, 116, 101, 112, 112, 105, 110, 103)",1,0
popcorn,"(112, 111, 112, 99, 111, 114, 110)",1,0
low,"(108, 111, 119)",1,0
slippage,"(115, 108, 105, 112, 112, 97, 103, 101)",2,0
unforgivable,"(117, 110, 102, 111, 114, 103, 105, 118, 97, 98, 108, 101)",1,0
weighing,"(119, 101, 105, 103, 104, 105, 110, 103)",1,0
scientist,"(115, 99, 105, 101, 110, 116, 105, 115, 116)",1,0
has,"(104, 97, 115)",15,0
psst,"(112, 115, 115, 116)",1,0
decade,"(100, 101, 99, 97, 100, 101)",2,0
safest,"(115, 97, 102, 101, 115, 116)",1,0
dotdotdashdot,"(100, 111, 116, 100, 111, 116, 100, 97, 115, 104, 100, 111, 116)",1,0
starving,"(115, 116, 97, 114, 118, 105, 110, 103)",1,0
am,"(97, 109)",8,0
waistline,"(119, 97, 105, 115, 116, 108, 105, 110, 101)",1,0
grab,"(103, 114, 97, 98)",2,0
happy,"(104, 97, 112, 112, 121)",2,0
gives,"(103, 105, 118, 101, 115)",1,0
differently,"(100, 105, 102, 102, 101, 114, 101, 110, 116, 108, 121)",1,0
please,"(112, 108, 101, 97, 115, 101)",13,0
tomorrow,"(116, 111, 109, 111, 114, 114, 111, 119)",1,0
how,"(104, 111, 119)",42,0
see,"(115, 101, 101)",21,0
sacrifice,"(115, 97, 99, 114, 105, 102, 105, 99, 101)",2,0
climb,"(99, 108, 105, 109, 98)",2,0
entire,"(101, 110, 116, 105, 114, 101)",2,0
per,"(112, 101, 114)",1,0
longrange,"(108, 111, 110, 103, 114, 97, 110, 103, 101)",1,0
care,"(99, 97, 114, 101)",4,0
feel,"(102, 101, 101, 108)",6,0
survival,"(115, 117, 114, 118, 105, 118, 97, 108)",5,0
rudimentary,"(114, 117, 100, 105, 109, 101, 110, 116, 97, 114, 121)",1,0
2,"(50,)",3,0
flybywire,"(102, 108, 121, 98, 121, 119, 105, 114, 101)",1,0
crew,"(99, 114, 101, 119)",1,0
achieved,"(97, 99, 104, 105, 101, 118, 101, 100)",1,0
echoing,"(101, 99, 104, 111, 105, 110, 103)",1,0
count,"(99, 111, 117, 110, 116)",1,0
wife,"(119, 105, 102, 101)",2,0
century,"(99, 101, 110, 116, 117, 114, 121)",1,0
comm,"(99, 111, 109, 109)",1,0
eureka,"(101, 117, 114, 101, 107, 97)",2,0
unit,"(117, 110, 105, 116)",1,0
boat,"(98, 111, 97, 116)",1,0
bud,"(98, 117, 100)",1,0
duty,"(100, 117, 116, 121)",1,0
ireland,"(105, 114, 101, 108, 97, 110, 100)",1,0
unpredictable,"(117, 110, 112, 114, 101, 100, 105, 99, 116, 97, 98, 108, 101)",1,0
leave,"(108, 101, 97, 118, 101)",16,0
pack,"(112, 97, 99, 107)",1,0
plant,"(112, 108, 97, 110, 116)",1,0
translating,"(116, 114, 97, 110, 115, 108, 97, 116, 105, 110, 103)",1,0
needed,"(110, 101, 101, 100, 101, 100)",4,0
thought,"(116, 104, 111, 117, 103, 104, 116)",12,0
regards,"(114, 101, 103, 97, 114, 100, 115)",1,0
ask,"(97, 115, 107)",3,0
pulling,"(112, 117, 108, 108, 105, 110, 103)",1,0
mostly,"(109, 111, 115, 116, 108, 121)",2,0
engage,"(101, 110, 103, 97, 103, 101)",1,0
kilos,"(107, 105, 108, 111, 115)",1,0
reality,"(114, 101, 97, 108, 105, 116, 121)",3,0
fortyfive,"(102, 111, 114, 116, 121, 102, 105, 118, 101)",1,0
millions,"(109, 105, 108, 108, 105, 111, 110, 115)",2,0
somewhere,"(115, 111, 109, 101, 119, 104, 101, 114, 101)",2,0
main,"(109, 97, 105, 110)",7,0
even,"(101, 118, 101, 110)",17,0
parameter,"(112, 97, 114, 97, 109, 101, 116, 101, 114)",1,0
dust,"(100, 117, 115, 116)",5,0
foundation,"(102, 111, 117, 110, 100, 97, 116, 105, 111, 110)",3,0
coop,"(99, 111, 111, 112)",19,0
key,"(107, 101, 121)",2,0
laura,"(108, 97, 117, 114, 97)",2,0
numbers,"(110, 117, 109, 98, 101, 114, 115)",1,0
little,"(108, 105, 116, 116, 108, 101)",16,0
twentythree,"(116, 119, 101, 110, 116, 121, 116, 104, 114, 101, 101)",1,0
transmission,"(116, 114, 97, 110, 115, 109, 105, 115, 115, 105, 111, 110)",2,0
beacon,"(98, 101, 97, 99, 111, 110)",2,0
auxiliary,"(97, 117, 120, 105, 108, 105, 97, 114, 121)",1,0
ammonia,"(97, 109, 109, 111, 110, 105, 97)",4,0
be,"(98, 101)",64,0
kids,"(107, 105, 100, 115)",10,0
since,"(115, 105, 110, 99, 101)",2,0
delighted,"(100, 101, 108, 105, 103, 104, 116, 101, 100)",1,0
pressed,"(112, 114, 101, 115, 115, 101, 100)",1,0
actually,"(97, 99, 116, 117, 97, 108, 108, 121)",3,0
exciting,"(101, 120, 99, 105, 116, 105, 110, 103)",1,0
were,"(119, 101, 114, 101)",20,0
car,"(99, 97, 114)",5,0
complication,"(99, 111, 109, 112, 108, 105, 99, 97, 116, 105, 111, 110)",1,0
nor,"(110, 111, 114)",2,0
scenario,"(115, 99, 101, 110, 97, 114, 105, 111)",1,0
could,"(99, 111, 117, 108, 100)",20,0
learn,"(108, 101, 97, 114, 110)",3,0
block,"(98, 108, 111, 99, 107)",1,0
sharing,"(115, 104, 97, 114, 105, 110, 103)",1,0
farmer,"(102, 97, 114, 109, 101, 114)",3,0
cusp,"(99, 117, 115, 112)",1,0
navigational,"(110, 97, 118, 105, 103, 97, 116, 105, 111, 110, 97, 108)",1,0
checking,"(99, 104, 101, 99, 107, 105, 110, 103)",1,0
prepared,"(112, 114, 101, 112, 97, 114, 101, 100)",4,0
small,"(115, 109, 97, 108, 108)",1,0
gain,"(103, 97, 105, 110)",1,0
oh,"(111, 104)",24,0
mountain,"(109, 111, 117, 110, 116, 97, 105, 110)",1,0
day,"(100, 97, 121)",10,0
changed,"(99, 104, 97, 110, 103, 101, 100)",2,0
ago,"(97, 103, 111)",9,0
principals,"(112, 114, 105, 110, 99, 105, 112, 97, 108, 115)",1,0
with,"(119, 105, 116, 104)",50,0
strong,"(115, 116, 114, 111, 110, 103)",1,0
nose,"(110, 111, 115, 101)",2,0
starboard,"(115, 116, 97, 114, 98, 111, 97, 114, 100)",1,0
ideas,"(105, 100, 101, 97, 115)",1,0
occurring,"(111, 99, 99, 117, 114, 114, 105, 110, 103)",1,0
went,"(119, 101, 110, 116)",9,0
everybody,"(101, 118, 101, 114, 121, 98, 111, 100, 121)",6,0
data,"(100, 97, 116, 97)",19,0
teach,"(116, 101, 97, 99, 104)",2,0
course,"(99, 111, 117, 114, 115, 101)",4,0
higher,"(104, 105, 103, 104, 101, 114)",2,0
doesn,"(100, 111, 101, 115, 110)",8,0
evolved,"(101, 118, 111, 108, 118, 101, 100)",1,0
head,"(104, 101, 97, 100)",1,0
shift,"(115, 104, 105, 102, 116)",2,0
lion,"(108, 105, 111, 110)",1,0
flatblade,"(102, 108, 97, 116, 98, 108, 97, 100, 101)",1,0
place,"(112, 108, 97, 99, 101)",9,0
bolt,"(98, 111, 108, 116)",1,0
incredible,"(105, 110, 99, 114, 101, 100, 105, 98, 108, 101)",2,0
death,"(100, 101, 97, 116, 104)",4,0
fan,"(102, 97, 110)",1,0
either,"(101, 105, 116, 104, 101, 114)",1,0
thank,"(116, 104, 97, 110, 107)",3,0
scores,"(115, 99, 111, 114, 101, 115)",1,0
port,"(112, 111, 114, 116)",1,0
ignition,"(105, 103, 110, 105, 116, 105, 111, 110)",2,0
yeah,"(121, 101, 97, 104)",40,0
docking,"(100, 111, 99, 107, 105, 110, 103)",7,0
example,"(101, 120, 97, 109, 112, 108, 101)",1,0
grunts,"(103, 114, 117, 110, 116, 115)",1,0
underlying,"(117, 110, 100, 101, 114, 108, 121, 105, 110, 103)",1,0
murphy,"(109, 117, 114, 112, 104, 121)",6,0
flooded,"(102, 108, 111, 111, 100, 101, 100)",1,0
cups,"(99, 117, 112, 115)",2,0
behavior,"(98, 101, 104, 97, 118, 105, 111, 114)",1,0
closing,"(99, 108, 111, 115, 105, 110, 103)",1,0
hehheh,"(104, 101, 104, 104, 101, 104)",1,0
edge,"(101, 100, 103, 101)",2,0
endurance,"(101, 110, 100, 117, 114, 97, 110, 99, 101)",11,0
bookshelf,"(98, 111, 111, 107, 115, 104, 101, 108, 102)",1,0
lost,"(108, 111, 115, 116)",2,0
trust,"(116, 114, 117, 115, 116)",5,0
words,"(119, 111, 114, 100, 115)",1,0
imperfectly,"(105, 109, 112, 101, 114, 102, 101, 99, 116, 108, 121)",1,0
arrived,"(97, 114, 114, 105, 118, 101, 100)",1,0
completely,"(99, 111, 109, 112, 108, 101, 116, 101, 108, 121)",2,0
counted,"(99, 111, 117, 110, 116, 101, 100)",1,0
go,"(103, 111)",74,0
placed,"(112, 108, 97, 99, 101, 100)",1,0
various,"(118, 97, 114, 105, 111, 117, 115)",1,0
images,"(105, 109, 97, 103, 101, 115)",1,0
screwed,"(115, 99, 114, 101, 119, 101, 100)",1,0
towards,"(116, 111, 119, 97, 114, 100, 115)",4,0
pathology,"(112, 97, 116, 104, 111, 108, 111, 103, 121)",1,0
hundreds,"(104, 117, 110, 100, 114, 101, 100, 115)",2,0
nicely,"(110, 105, 99, 101, 108, 121)",1,0
neither,"(110, 101, 105, 116, 104, 101, 114)",1,0
15,"(49, 53)",1,0
nine,"(110, 105, 110, 101)",2,0
dr,"(100, 114)",37,0
bombs,"(98, 111, 109, 98, 115)",1,0
truth,"(116, 114, 117, 116, 104)",1,0
out,"(111, 117, 116)",52,0
table,"(116, 97, 98, 108, 101)",3,0
requires,"(114, 101, 113, 117, 105, 114, 101, 115)",1,0
amount,"(97, 109, 111, 117, 110, 116)",1,0
tesseract,"(116, 101, 115, 115, 101, 114, 97, 99, 116)",1,0
allow,"(97, 108, 108, 111, 119)",2,0
nitrogen,"(110, 105, 116, 114, 111, 103, 101, 110)",2,0
looking,"(108, 111, 111, 107, 105, 110, 103)",5,0
stark,"(115, 116, 97, 114, 107)",1,0
ve,"(118, 101)",38,0
one,"(111, 110, 101)",57,0
probes,"(112, 114, 111, 98, 101, 115)",3,0
shave,"(115, 104, 97, 118, 101)",1,0
diversity,"(100, 105, 118, 101, 114, 115, 105, 116, 121)",1,0
evil,"(101, 118, 105, 108)",4,0
in,"(105, 110)",98,0
when,"(119, 104, 101, 110)",27,0
comes,"(99, 111, 109, 101, 115)",1,0
led,"(108, 101, 100)",3,0
legwork,"(108, 101, 103, 119, 111, 114, 107)",1,0
y,"(121,)",1,0
torching,"(116, 111, 114, 99, 104, 105, 110, 103)",1,0
nope,"(110, 111, 112, 101)",1,0
quiet,"(113, 117, 105, 101, 116)",1,0
different,"(100, 105, 102, 102, 101, 114, 101, 110, 116)",1,0
poker,"(112, 111, 107, 101, 114)",1,0
chlorine,"(99, 104, 108, 111, 114, 105, 110, 101)",1,0
ours,"(111, 117, 114, 115)",4,0
crash,"(99, 114, 97, 115, 104)",2,0
aren,"(97, 114, 101, 110)",4,0
resistance,"(114, 101, 115, 105, 115, 116, 97, 110, 99, 101)",1,0
ghost,"(103, 104, 111, 115, 116)",14,0
like,"(108, 105, 107, 101)",40,0
30,"(51, 48)",2,0
engines,"(101, 110, 103, 105, 110, 101, 115)",9,0
whirl,"(119, 104, 105, 114, 108)",1,0
prospect,"(112, 114, 111, 115, 112, 101, 99, 116)",1,0
10,"(49, 48)",6,0
bums,"(98, 117, 109, 115)",1,0
least,"(108, 101, 97, 115, 116)",3,0
quite,"(113, 117, 105, 116, 101)",1,0
ranger,"(114, 97, 110, 103, 101, 114)",10,0
both,"(98, 111, 116, 104)",7,0
infinite,"(105, 110, 102, 105, 110, 105, 116, 101)",1,0
got,"(103, 111, 116)",35,0
cabin,"(99, 97, 98, 105, 110)",1,0
bowl,"(98, 111, 119, 108)",1,0
crosses,"(99, 114, 111, 115, 115, 101, 115)",1,0
sustain,"(115, 117, 115, 116, 97, 105, 110)",3,0
nah,"(110, 97, 104)",1,0
aboard,"(97, 98, 111, 97, 114, 100)",1,0
memories,"(109, 101, 109, 111, 114, 105, 101, 115)",2,0
respect,"(114, 101, 115, 112, 101, 99, 116)",1,0
hopeless,"(104, 111, 112, 101, 108, 101, 115, 115)",2,0
escapes,"(101, 115, 99, 97, 112, 101, 115)",1,0
any,"(97, 110, 121)",12,0
nature,"(110, 97, 116, 117, 114, 101)",2,0
plan,"(112, 108, 97, 110)",15,0
dashdot,"(100, 97, 115, 104, 100, 111, 116)",1,0
telling,"(116, 101, 108, 108, 105, 110, 103)",3,0
gang,"(103, 97, 110, 103)",1,0
rave,"(114, 97, 118, 101)",2,0
dealing,"(100, 101, 97, 108, 105, 110, 103)",1,0
come,"(99, 111, 109, 101)",38,0
nasa,"(110, 97, 115, 97)",5,0
flashes,"(102, 108, 97, 115, 104, 101, 115)",2,0
explorers,"(101, 120, 112, 108, 111, 114, 101, 114, 115)",3,0
temptation,"(116, 101, 109, 112, 116, 97, 116, 105, 111, 110)",1,0
supernatural,"(115, 117, 112, 101, 114, 110, 97, 116, 117, 114, 97, 108)",1,0
government,"(103, 111, 118, 101, 114, 110, 109, 101, 110, 116)",1,0
guess,"(103, 117, 101, 115, 115)",5,0
baseball,"(98, 97, 115, 101, 98, 97, 108, 108)",2,0
full,"(102, 117, 108, 108)",2,0
recursive,"(114, 101, 99, 117, 114, 115, 105, 118, 101)",1,0
dimension,"(100, 105, 109, 101, 110, 115, 105, 111, 110)",5,0
spacetime,"(115, 112, 97, 99, 101, 116, 105, 109, 101)",3,0
him,"(104, 105, 109)",25,0
tractor,"(116, 114, 97, 99, 116, 111, 114)",1,0
nightfall,"(110, 105, 103, 104, 116, 102, 97, 108, 108)",1,0
excited,"(101, 120, 99, 105, 116, 101, 100)",2,0
morbid,"(109, 111, 114, 98, 105, 100)",1,0
futile,"(102, 117, 116, 105, 108, 101)",1,0
mark,"(109, 97, 114, 107)",7,0
funeral,"(102, 117, 110, 101, 114, 97, 108)",1,0
outstanding,"(111, 117, 116, 115, 116, 97, 110, 100, 105, 110, 103)",1,0
around,"(97, 114, 111, 117, 110, 100)",10,0
drove,"(100, 114, 111, 118, 101)",1,0
promise,"(112, 114, 111, 109, 105, 115, 101)",3,0
bucket,"(98, 117, 99, 107, 101, 116)",1,0
rangers,"(114, 97, 110, 103, 101, 114, 115)",2,0
orbit,"(111, 114, 98, 105, 116)",10,0
assured,"(97, 115, 115, 117, 114, 101, 100)",1,0
personally,"(112, 101, 114, 115, 111, 110, 97, 108, 108, 121)",1,0
whoa,"(119, 104, 111, 97)",2,0
update,"(117, 112, 100, 97, 116, 101)",1,0
rest,"(114, 101, 115, 116)",4,0
peace,"(112, 101, 97, 99, 101)",3,0
living,"(108, 105, 118, 105, 110, 103)",1,0
periscope,"(112, 101, 114, 105, 115, 99, 111, 112, 101)",1,0
humans,"(104, 117, 109, 97, 110, 115)",2,0
treasure,"(116, 114, 101, 97, 115, 117, 114, 101)",1,0
bigger,"(98, 105, 103, 103, 101, 114)",1,0
describes,"(100, 101, 115, 99, 114, 105, 98, 101, 115)",1,0
prospects,"(112, 114, 111, 115, 112, 101, 99, 116, 115)",2,0
take,"(116, 97, 107, 101)",23,0
basketball,"(98, 97, 115, 107, 101, 116, 98, 97, 108, 108)",1,0
rearing,"(114, 101, 97, 114, 105, 110, 103)",1,0
headed,"(104, 101, 97, 100, 101, 100)",1,0
bedroom,"(98, 101, 100, 114, 111, 111, 109)",1,0
exploration,"(101, 120, 112, 108, 111, 114, 97, 116, 105, 111, 110)",1,0
b,"(98,)",6,0
inside,"(105, 110, 115, 105, 100, 101)",5,0
too,"(116, 111, 111)",14,0
gargantua,"(103, 97, 114, 103, 97, 110, 116, 117, 97)",11,0
books,"(98, 111, 111, 107, 115)",2,0
grandparent,"(103, 114, 97, 110, 100, 112, 97, 114, 101, 110, 116)",1,0
person,"(112, 101, 114, 115, 111, 110)",3,0
blew,"(98, 108, 101, 119)",1,0
sequence,"(115, 101, 113, 117, 101, 110, 99, 101)",1,0
planet,"(112, 108, 97, 110, 101, 116)",24,0
chart,"(99, 104, 97, 114, 116)",1,0
emotion,"(101, 109, 111, 116, 105, 111, 110)",1,0
range,"(114, 97, 110, 103, 101)",1,0
sites,"(115, 105, 116, 101, 115)",3,0
responsibility,"(114, 101, 115, 112, 111, 110, 115, 105, 98, 105, 108, 105, 116, 121)",1,0
rescuing,"(114, 101, 115, 99, 117, 105, 110, 103)",1,0
looks,"(108, 111, 111, 107, 115)",4,0
on,"(111, 110)",94,0
tired,"(116, 105, 114, 101, 100)",1,0
fields,"(102, 105, 101, 108, 100, 115)",2,0
proof,"(112, 114, 111, 111, 102)",1,0
charging,"(99, 104, 97, 114, 103, 105, 110, 103)",1,0
good,"(103, 111, 111, 100)",27,0
brought,"(98, 114, 111, 117, 103, 104, 116)",3,0
administration,"(97, 100, 109, 105, 110, 105, 115, 116, 114, 97, 116, 105, 111, 110)",1,0
because,"(98, 101, 99, 97, 117, 115, 101)",23,0
code,"(99, 111, 100, 101)",2,0
sending,"(115, 101, 110, 100, 105, 110, 103)",2,0
brake,"(98, 114, 97, 107, 101)",1,0
cloud,"(99, 108, 111, 117, 100)",1,0
who,"(119, 104, 111)",17,0
ceremony,"(99, 101, 114, 101, 109, 111, 110, 121)",1,0
wiser,"(119, 105, 115, 101, 114)",1,0
deeply,"(100, 101, 101, 112, 108, 121)",1,0
name,"(110, 97, 109, 101)",4,0
realized,"(114, 101, 97, 108, 105, 122, 101, 100)",1,0
meeting,"(109, 101, 101, 116, 105, 110, 103)",1,0
stop,"(115, 116, 111, 112)",5,0
troop,"(116, 114, 111, 111, 112)",1,0
expect,"(101, 120, 112, 101, 99, 116)",1,0
missions,"(109, 105, 115, 115, 105, 111, 110, 115)",4,0
jump,"(106, 117, 109, 112)",1,0
replaced,"(114, 101, 112, 108, 97, 99, 101, 100)",2,0
heck,"(104, 101, 99, 107)",1,0
significance,"(115, 105, 103, 110, 105, 102, 105, 99, 97, 110, 99, 101)",1,0
slowly,"(115, 108, 111, 119, 108, 121)",2,0
order,"(111, 114, 100, 101, 114)",1,0
sleep,"(115, 108, 101, 101, 112)",2,0
overboard,"(111, 118, 101, 114, 98, 111, 97, 114, 100)",1,0
manually,"(109, 97, 110, 117, 97, 108, 108, 121)",3,0
food,"(102, 111, 111, 100)",6,0
alright,"(97, 108, 114, 105, 103, 104, 116)",1,0
saturn,"(115, 97, 116, 117, 114, 110)",6,0
hoop,"(104, 111, 111, 112)",1,0
ghosts,"(103, 104, 111, 115, 116, 115)",4,0
thrives,"(116, 104, 114, 105, 118, 101, 115)",1,0
instinct,"(105, 110, 115, 116, 105, 110, 99, 116)",3,0
5050,"(53, 48, 53, 48)",1,0
rules,"(114, 117, 108, 101, 115)",1,0
sent,"(115, 101, 110, 116)",6,0
forgive,"(102, 111, 114, 103, 105, 118, 101)",2,0
child,"(99, 104, 105, 108, 100)",4,0
outside,"(111, 117, 116, 115, 105, 100, 101)",2,0
disturbance,"(100, 105, 115, 116, 117, 114, 98, 97, 110, 99, 101)",1,0
forgotten,"(102, 111, 114, 103, 111, 116, 116, 101, 110)",1,0
black,"(98, 108, 97, 99, 107)",17,0
rotation,"(114, 111, 116, 97, 116, 105, 111, 110)",1,0
fools,"(102, 111, 111, 108, 115)",1,0
cells,"(99, 101, 108, 108, 115)",3,0
seat,"(115, 101, 97, 116)",2,0
pilot,"(112, 105, 108, 111, 116)",4,0
sky,"(115, 107, 121)",1,0
brain,"(98, 114, 97, 105, 110)",2,0
wait,"(119, 97, 105, 116)",6,0
solo,"(115, 111, 108, 111)",1,0
receiving,"(114, 101, 99, 101, 105, 118, 105, 110, 103)",1,0
use,"(117, 115, 101)",11,0
calmer,"(99, 97, 108, 109, 101, 114)",1,0
hardly,"(104, 97, 114, 100, 108, 121)",1,0
put,"(112, 117, 116)",4,0
screens,"(115, 99, 114, 101, 101, 110, 115)",2,0
conditions,"(99, 111, 110, 100, 105, 116, 105, 111, 110, 115)",1,0
101,"(49, 48, 49)",1,0
describe,"(100, 101, 115, 99, 114, 105, 98, 101)",1,0
t,"(116,)",198,0
spin,"(115, 112, 105, 110)",5,0
already,"(97, 108, 114, 101, 97, 100, 121)",3,0
find,"(102, 105, 110, 100)",26,0
auto,"(97, 117, 116, 111)",1,0
still,"(115, 116, 105, 108, 108)",12,0
hot,"(104, 111, 116)",1,0
artifact,"(97, 114, 116, 105, 102, 97, 99, 116)",1,0
mountains,"(109, 111, 117, 110, 116, 97, 105, 110, 115)",2,0
spherical,"(115, 112, 104, 101, 114, 105, 99, 97, 108)",1,0
straights,"(115, 116, 114, 97, 105, 103, 104, 116, 115)",2,0
depressurize,"(100, 101, 112, 114, 101, 115, 115, 117, 114, 105, 122, 101)",1,0
wormhole,"(119, 111, 114, 109, 104, 111, 108, 101)",11,0
lately,"(108, 97, 116, 101, 108, 121)",1,0
sight,"(115, 105, 103, 104, 116)",1,0
deal,"(100, 101, 97, 108)",2,0
third,"(116, 104, 105, 114, 100)",4,0
unnatural,"(117, 110, 110, 97, 116, 117, 114, 97, 108)",1,0
conferences,"(99, 111, 110, 102, 101, 114, 101, 110, 99, 101, 115)",1,0
thrusting,"(116, 104, 114, 117, 115, 116, 105, 110, 103)",1,0
machine,"(109, 97, 99, 104, 105, 110, 101)",4,0
ready,"(114, 101, 97, 100, 121)",12,0
grandpa,"(103, 114, 97, 110, 100, 112, 97)",13,0
mission,"(109, 105, 115, 115, 105, 111, 110)",11,0
124,"(49, 50, 52)",1,0
fistfight,"(102, 105, 115, 116, 102, 105, 103, 104, 116)",1,0
treating,"(116, 114, 101, 97, 116, 105, 110, 103)",1,0
eight,"(101, 105, 103, 104, 116)",3,0
debrief,"(100, 101, 98, 114, 105, 101, 102)",1,0
relativity,"(114, 101, 108, 97, 116, 105, 118, 105, 116, 121)",4,0
loss,"(108, 111, 115, 115)",2,0
hadn,"(104, 97, 100, 110)",1,0
offset,"(111, 102, 102, 115, 101, 116)",1,0
tars,"(116, 97, 114, 115)",37,0
d,"(100,)",20,0
23,"(50, 51)",1,0
made,"(109, 97, 100, 101)",6,0
his,"(104, 105, 115)",14,0
knack,"(107, 110, 97, 99, 107)",1,0
asking,"(97, 115, 107, 105, 110, 103)",3,0
attachments,"(97, 116, 116, 97, 99, 104, 109, 101, 110, 116, 115)",2,0
tire,"(116, 105, 114, 101)",2,0
thick,"(116, 104, 105, 99, 107)",1,0
classmates,"(99, 108, 97, 115, 115, 109, 97, 116, 101, 115)",1,0
32,"(51, 50)",1,0
complete,"(99, 111, 109, 112, 108, 101, 116, 101)",2,0
seemed,"(115, 101, 101, 109, 101, 100)",2,0
rocket,"(114, 111, 99, 107, 101, 116)",1,0
pings,"(112, 105, 110, 103, 115)",1,0
journey,"(106, 111, 117, 114, 110, 101, 121)",3,0
top,"(116, 111, 112)",2,0
far,"(102, 97, 114)",12,0
broke,"(98, 114, 111, 107, 101)",1,0
line,"(108, 105, 110, 101)",1,0
cost,"(99, 111, 115, 116)",4,0
dramamine,"(100, 114, 97, 109, 97, 109, 105, 110, 101)",2,0
bankrupt,"(98, 97, 110, 107, 114, 117, 112, 116)",1,0
surface,"(115, 117, 114, 102, 97, 99, 101)",4,0
capable,"(99, 97, 112, 97, 98, 108, 101)",1,0
live,"(108, 105, 118, 101)",3,0
miles,"(109, 105, 108, 101, 115)",1,0
unshakable,"(117, 110, 115, 104, 97, 107, 97, 98, 108, 101)",1,0
hydrocarbons,"(104, 121, 100, 114, 111, 99, 97, 114, 98, 111, 110, 115)",2,0
barely,"(98, 97, 114, 101, 108, 121)",1,0
while,"(119, 104, 105, 108, 101)",7,0
charged,"(99, 104, 97, 114, 103, 101, 100)",1,0
professor,"(112, 114, 111, 102, 101, 115, 115, 111, 114)",18,0
doing,"(100, 111, 105, 110, 103)",8,0
worthless,"(119, 111, 114, 116, 104, 108, 101, 115, 115)",1,0
decelerate,"(100, 101, 99, 101, 108, 101, 114, 97, 116, 101)",1,0
along,"(97, 108, 111, 110, 103)",2,0
coward,"(99, 111, 119, 97, 114, 100)",1,0
own,"(111, 119, 110)",5,0
mother,"(109, 111, 116, 104, 101, 114)",1,0
empathy,"(101, 109, 112, 97, 116, 104, 121)",1,0
75,"(55, 53)",2,0
pulse,"(112, 117, 108, 115, 101)",1,0
viable,"(118, 105, 97, 98, 108, 101)",1,0
extends,"(101, 120, 116, 101, 110, 100, 115)",2,0
bad,"(98, 97, 100)",8,0
declared,"(100, 101, 99, 108, 97, 114, 101, 100)",1,0
book,"(98, 111, 111, 107)",1,0
working,"(119, 111, 114, 107, 105, 110, 103)",4,0
hate,"(104, 97, 116, 101)",1,0
frightening,"(102, 114, 105, 103, 104, 116, 101, 110, 105, 110, 103)",1,0
gets,"(103, 101, 116, 115)",3,0
binary,"(98, 105, 110, 97, 114, 121)",4,0
think,"(116, 104, 105, 110, 107)",28,0
crop,"(99, 114, 111, 112)",1,0
pills,"(112, 105, 108, 108, 115)",1,0
possible,"(112, 111, 115, 115, 105, 98, 108, 101)",3,0
leg,"(108, 101, 103)",1,0
race,"(114, 97, 99, 101)",3,0
promises,"(112, 114, 111, 109, 105, 115, 101, 115)",1,0
crossing,"(99, 114, 111, 115, 115, 105, 110, 103)",2,0
wolf,"(119, 111, 108, 102)",4,0
p,"(112,)",1,0
suggestion,"(115, 117, 103, 103, 101, 115, 116, 105, 111, 110)",2,0
whispering,"(119, 104, 105, 115, 112, 101, 114, 105, 110, 103)",1,0
crystalline,"(99, 114, 121, 115, 116, 97, 108, 108, 105, 110, 101)",1,0
trick,"(116, 114, 105, 99, 107)",2,0
needs,"(110, 101, 101, 100, 115)",4,0
mounted,"(109, 111, 117, 110, 116, 101, 100)",1,0
twelve,"(116, 119, 101, 108, 118, 101)",5,0
assurances,"(97, 115, 115, 117, 114, 97, 110, 99, 101, 115)",2,0
relay,"(114, 101, 108, 97, 121)",4,0
scientists,"(115, 99, 105, 101, 110, 116, 105, 115, 116, 115)",1,0
bomb,"(98, 111, 109, 98)",1,0
goodbye,"(103, 111, 111, 100, 98, 121, 101)",5,0
there,"(116, 104, 101, 114, 101)",83,0
relative,"(114, 101, 108, 97, 116, 105, 118, 101)",1,0
heh,"(104, 101, 104)",7,0
compared,"(99, 111, 109, 112, 97, 114, 101, 100)",1,0
easing,"(101, 97, 115, 105, 110, 103)",2,0
agreed,"(97, 103, 114, 101, 101, 100)",2,0
such,"(115, 117, 99, 104)",5,0
feedback,"(102, 101, 101, 100, 98, 97, 99, 107)",1,0
yearning,"(121, 101, 97, 114, 110, 105, 110, 103)",1,0
taken,"(116, 97, 107, 101, 110)",1,0
two,"(116, 119, 111)",16,0
horizon,"(104, 111, 114, 105, 122, 111, 110)",8,0
bravery,"(98, 114, 97, 118, 101, 114, 121)",1,0
calculated,"(99, 97, 108, 99, 117, 108, 97, 116, 101, 100)",1,0
passing,"(112, 97, 115, 115, 105, 110, 103)",1,0
maybe,"(109, 97, 121, 98, 101)",16,0
decide,"(100, 101, 99, 105, 100, 101)",2,0
anticipated,"(97, 110, 116, 105, 99, 105, 112, 97, 116, 101, 100)",1,0
somebody,"(115, 111, 109, 101, 98, 111, 100, 121)",1,0
fun,"(102, 117, 110)",1,0
stopped,"(115, 116, 111, 112, 112, 101, 100)",1,0
autodocking,"(97, 117, 116, 111, 100, 111, 99, 107, 105, 110, 103)",1,0
public,"(112, 117, 98, 108, 105, 99)",1,0
aimed,"(97, 105, 109, 101, 100)",1,0
receive,"(114, 101, 99, 101, 105, 118, 101)",1,0
paper,"(112, 97, 112, 101, 114)",1,0
event,"(101, 118, 101, 110, 116)",2,0
lied,"(108, 105, 101, 100)",2,0
calling,"(99, 97, 108, 108, 105, 110, 103)",2,0
feet,"(102, 101, 101, 116)",2,0
caretakers,"(99, 97, 114, 101, 116, 97, 107, 101, 114, 115)",1,0
m,"(109,)",77,0
module,"(109, 111, 100, 117, 108, 101)",2,0
shield,"(115, 104, 105, 101, 108, 100)",1,0
bit,"(98, 105, 116)",4,0
job,"(106, 111, 98)",1,0
possibility,"(112, 111, 115, 115, 105, 98, 105, 108, 105, 116, 121)",3,0
ever,"(101, 118, 101, 114)",9,0
controllers,"(99, 111, 110, 116, 114, 111, 108, 108, 101, 114, 115)",1,0
oxygen,"(111, 120, 121, 103, 101, 110)",6,0
stuck,"(115, 116, 117, 99, 107)",2,0
lender,"(108, 101, 110, 100, 101, 114)",1,0
end,"(101, 110, 100)",2,0
decades,"(100, 101, 99, 97, 100, 101, 115)",1,0
flew,"(102, 108, 101, 119)",1,0
undeniably,"(117, 110, 100, 101, 110, 105, 97, 98, 108, 121)",1,0
inspired,"(105, 110, 115, 112, 105, 114, 101, 100)",1,0
security,"(115, 101, 99, 117, 114, 105, 116, 121)",3,0
assess,"(97, 115, 115, 101, 115, 115)",1,0
came,"(99, 97, 109, 101)",12,0
utility,"(117, 116, 105, 108, 105, 116, 121)",2,0
including,"(105, 110, 99, 108, 117, 100, 105, 110, 103)",2,0
harnessing,"(104, 97, 114, 110, 101, 115, 115, 105, 110, 103)",1,0
hesitate,"(104, 101, 115, 105, 116, 97, 116, 101)",1,0
computer,"(99, 111, 109, 112, 117, 116, 101, 114)",2,0
kit,"(107, 105, 116)",1,0
reason,"(114, 101, 97, 115, 111, 110)",2,0
autopilot,"(97, 117, 116, 111, 112, 105, 108, 111, 116)",1,0
means,"(109, 101, 97, 110, 115)",3,0
ain,"(97, 105, 110)",2,0
bank,"(98, 97, 110, 107)",2,0
rescued,"(114, 101, 115, 99, 117, 101, 100)",1,0
excess,"(101, 120, 99, 101, 115, 115)",1,0
struggling,"(115, 116, 114, 117, 103, 103, 108, 105, 110, 103)",1,0
pain,"(112, 97, 105, 110)",2,0
engineers,"(101, 110, 103, 105, 110, 101, 101, 114, 115)",1,0
seconds,"(115, 101, 99, 111, 110, 100, 115)",2,0
solution,"(115, 111, 108, 117, 116, 105, 111, 110)",2,0
selflessly,"(115, 101, 108, 102, 108, 101, 115, 115, 108, 121)",1,0
months,"(109, 111, 110, 116, 104, 115)",4,0
force,"(102, 111, 114, 99, 101)",2,0
program,"(112, 114, 111, 103, 114, 97, 109)",3,0
sarcastic,"(115, 97, 114, 99, 97, 115, 116, 105, 99)",1,0
infinitely,"(105, 110, 102, 105, 110, 105, 116, 101, 108, 121)",1,0
bulk,"(98, 117, 108, 107)",2,0
perceiving,"(112, 101, 114, 99, 101, 105, 118, 105, 110, 103)",1,0
absolutely,"(97, 98, 115, 111, 108, 117, 116, 101, 108, 121)",1,0
10yearold,"(49, 48, 121, 101, 97, 114, 111, 108, 100)",1,0
special,"(115, 112, 101, 99, 105, 97, 108)",2,0
away,"(97, 119, 97, 121)",6,0
yes,"(121, 101, 115)",17,0
impact,"(105, 109, 112, 97, 99, 116)",1,0
minimize,"(109, 105, 110, 105, 109, 105, 122, 101)",1,0
yet,"(121, 101, 116)",10,0
cooper,"(99, 111, 111, 112, 101, 114)",73,0
prohibit,"(112, 114, 111, 104, 105, 98, 105, 116)",1,0
initiating,"(105, 110, 105, 116, 105, 97, 116, 105, 110, 103)",1,0
haven,"(104, 97, 118, 101, 110)",3,0
glad,"(103, 108, 97, 100)",1,0
old,"(111, 108, 100)",14,0
00,"(48, 48)",1,0
unauthorized,"(117, 110, 97, 117, 116, 104, 111, 114, 105, 122, 101, 100)",2,0
apparently,"(97, 112, 112, 97, 114, 101, 110, 116, 108, 121)",2,0
textbook,"(116, 101, 120, 116, 98, 111, 111, 107)",1,0
open,"(111, 112, 101, 110)",4,0
morse,"(109, 111, 114, 115, 101)",10,0
hatch,"(104, 97, 116, 99, 104)",8,0
stored,"(115, 116, 111, 114, 101, 100)",1,0
stratosphere,"(115, 116, 114, 97, 116, 111, 115, 112, 104, 101, 114, 101)",3,0
knockknock,"(107, 110, 111, 99, 107, 107, 110, 111, 99, 107)",1,0
strange,"(115, 116, 114, 97, 110, 103, 101)",2,0
just,"(106, 117, 115, 116)",72,0
wider,"(119, 105, 100, 101, 114)",1,0
spending,"(115, 112, 101, 110, 100, 105, 110, 103)",2,0
site,"(115, 105, 116, 101)",1,0
f,"(102,)",1,0
vote,"(118, 111, 116, 101)",2,0
alone,"(97, 108, 111, 110, 101)",4,0
twenty,"(116, 119, 101, 110, 116, 121)",1,0
withheld,"(119, 105, 116, 104, 104, 101, 108, 100)",1,0
shed,"(115, 104, 101, 100)",1,0
locked,"(108, 111, 99, 107, 101, 100)",5,0
of,"(111, 102)",155,0
archival,"(97, 114, 99, 104, 105, 118, 97, 108)",1,0
visual,"(118, 105, 115, 117, 97, 108)",1,0
resp,"(114, 101, 115, 112)",1,0
obvious,"(111, 98, 118, 105, 111, 117, 115)",1,0
better,"(98, 101, 116, 116, 101, 114)",5,0
seeing,"(115, 101, 101, 105, 110, 103)",3,0
counting,"(99, 111, 117, 110, 116, 105, 110, 103)",1,0
finish,"(102, 105, 110, 105, 115, 104)",3,0
disengaged,"(100, 105, 115, 101, 110, 103, 97, 103, 101, 100)",1,0
into,"(105, 110, 116, 111)",20,0
equipped,"(101, 113, 117, 105, 112, 112, 101, 100)",1,0
is,"(105, 115)",132,0
observe,"(111, 98, 115, 101, 114, 118, 101)",1,0
believing,"(98, 101, 108, 105, 101, 118, 105, 110, 103)",1,0
notice,"(110, 111, 116, 105, 99, 101)",1,0
combines,"(99, 111, 109, 98, 105, 110, 101, 115)",1,0
screwing,"(115, 99, 114, 101, 119, 105, 110, 103)",1,0
wastefulness,"(119, 97, 115, 116, 101, 102, 117, 108, 110, 101, 115, 115)",1,0
raise,"(114, 97, 105, 115, 101)",3,0
bends,"(98, 101, 110, 100, 115)",1,0
children,"(99, 104, 105, 108, 100, 114, 101, 110)",6,0
ending,"(101, 110, 100, 105, 110, 103)",1,0
starve,"(115, 116, 97, 114, 118, 101)",3,0
admitting,"(97, 100, 109, 105, 116, 116, 105, 110, 103)",1,0
formidable,"(102, 111, 114, 109, 105, 100, 97, 98, 108, 101)",1,0
nelson,"(110, 101, 108, 115, 111, 110)",3,0
ship,"(115, 104, 105, 112)",4,0
called,"(99, 97, 108, 108, 101, 100)",4,0
wreckage,"(119, 114, 101, 99, 107, 97, 103, 101)",3,0
correct,"(99, 111, 114, 114, 101, 99, 116)",1,0
fifth,"(102, 105, 102, 116, 104)",1,0
overqualified,"(111, 118, 101, 114, 113, 117, 97, 108, 105, 102, 105, 101, 100)",1,0
feed,"(102, 101, 101, 100)",1,0
stole,"(115, 116, 111, 108, 101)",1,0
born,"(98, 111, 114, 110)",3,0
linkages,"(108, 105, 110, 107, 97, 103, 101, 115)",1,0
else,"(101, 108, 115, 101)",4,0
tidal,"(116, 105, 100, 97, 108)",1,0
4,"(52,)",1,0
stumbled,"(115, 116, 117, 109, 98, 108, 101, 100)",1,0
destroyed,"(100, 101, 115, 116, 114, 111, 121, 101, 100)",2,0
okra,"(111, 107, 114, 97)",2,0
chicken,"(99, 104, 105, 99, 107, 101, 110)",1,0
aw,"(97, 119)",1,0
hours,"(104, 111, 117, 114, 115)",6,0
basic,"(98, 97, 115, 105, 99)",1,0
history,"(104, 105, 115, 116, 111, 114, 121)",2,0
manipulating,"(109, 97, 110, 105, 112, 117, 108, 97, 116, 105, 110, 103)",1,0
several,"(115, 101, 118, 101, 114, 97, 108)",2,0
talking,"(116, 97, 108, 107, 105, 110, 103)",4,0
perceive,"(112, 101, 114, 99, 101, 105, 118, 101)",1,0
water,"(119, 97, 116, 101, 114)",3,0
transferring,"(116, 114, 97, 110, 115, 102, 101, 114, 114, 105, 110, 103)",1,0
yours,"(121, 111, 117, 114, 115)",2,0
extinction,"(101, 120, 116, 105, 110, 99, 116, 105, 111, 110)",2,0
res,"(114, 101, 115)",1,0
always,"(97, 108, 119, 97, 121, 115)",9,0
status,"(115, 116, 97, 116, 117, 115)",1,0
spaces,"(115, 112, 97, 99, 101, 115)",1,0
complex,"(99, 111, 109, 112, 108, 101, 120)",1,0
speed,"(115, 112, 101, 101, 100)",3,0
secure,"(115, 101, 99, 117, 114, 101)",3,0
nonsensical,"(110, 111, 110, 115, 101, 110, 115, 105, 99, 97, 108)",1,0
drop,"(100, 114, 111, 112)",2,0
sphere,"(115, 112, 104, 101, 114, 101)",2,0
circle,"(99, 105, 114, 99, 108, 101)",2,0
speak,"(115, 112, 101, 97, 107)",1,0
promising,"(112, 114, 111, 109, 105, 115, 105, 110, 103)",4,0
51,"(53, 49)",1,0
doyle,"(100, 111, 121, 108, 101)",11,0
also,"(97, 108, 115, 111)",1,0
map,"(109, 97, 112)",1,0
fact,"(102, 97, 99, 116)",2,0
pinging,"(112, 105, 110, 103, 105, 110, 103)",1,0
crashed,"(99, 114, 97, 115, 104, 101, 100)",1,0
command,"(99, 111, 109, 109, 97, 110, 100)",1,0
darkness,"(100, 97, 114, 107, 110, 101, 115, 115)",3,0
specific,"(115, 112, 101, 99, 105, 102, 105, 99)",2,0
show,"(115, 104, 111, 119)",4,0
heard,"(104, 101, 97, 114, 100)",4,0
station,"(115, 116, 97, 116, 105, 111, 110)",7,0
re,"(114, 101)",104,0
killing,"(107, 105, 108, 108, 105, 110, 103)",2,0
dying,"(100, 121, 105, 110, 103)",3,0
great,"(103, 114, 101, 97, 116)",8,0
meet,"(109, 101, 101, 116)",1,0
airlock,"(97, 105, 114, 108, 111, 99, 107)",3,0
atmosphere,"(97, 116, 109, 111, 115, 112, 104, 101, 114, 101)",2,0
joking,"(106, 111, 107, 105, 110, 103)",2,0
welleducated,"(119, 101, 108, 108, 101, 100, 117, 99, 97, 116, 101, 100)",1,0
evolution,"(101, 118, 111, 108, 117, 116, 105, 111, 110)",2,0
promised,"(112, 114, 111, 109, 105, 115, 101, 100)",1,0
feeding,"(102, 101, 101, 100, 105, 110, 103)",1,0
earned,"(101, 97, 114, 110, 101, 100)",1,0
gravitational,"(103, 114, 97, 118, 105, 116, 97, 116, 105, 111, 110, 97, 108)",5,0
baby,"(98, 97, 98, 121)",2,0
rains,"(114, 97, 105, 110, 115)",1,0
beautiful,"(98, 101, 97, 117, 116, 105, 102, 117, 108)",1,0
point,"(112, 111, 105, 110, 116)",2,0
shoot,"(115, 104, 111, 111, 116)",1,0
grown,"(103, 114, 111, 119, 110)",1,0
kid,"(107, 105, 100)",5,0
situation,"(115, 105, 116, 117, 97, 116, 105, 111, 110)",2,0
tom,"(116, 111, 109)",18,0
wise,"(119, 105, 115, 101)",1,0
reset,"(114, 101, 115, 101, 116)",2,0
1,"(49,)",6,0
booster,"(98, 111, 111, 115, 116, 101, 114)",1,0
field,"(102, 105, 101, 108, 100)",1,0
honest,"(104, 111, 110, 101, 115, 116)",2,0
ballgame,"(98, 97, 108, 108, 103, 97, 109, 101)",1,0
myself,"(109, 121, 115, 101, 108, 102)",2,0
upsidedown,"(117, 112, 115, 105, 100, 101, 100, 111, 119, 110)",4,0
middle,"(109, 105, 100, 100, 108, 101)",1,0
through,"(116, 104, 114, 111, 117, 103, 104)",12,0
population,"(112, 111, 112, 117, 108, 97, 116, 105, 111, 110)",1,0
upper,"(117, 112, 112, 101, 114)",1,0
cheerful,"(99, 104, 101, 101, 114, 102, 117, 108)",1,0
happen,"(104, 97, 112, 112, 101, 110)",6,0
hence,"(104, 101, 110, 99, 101)",1,0
straight,"(115, 116, 114, 97, 105, 103, 104, 116)",1,0
threedimensional,"(116, 104, 114, 101, 101, 100, 105, 109, 101, 110, 115, 105, 111, 110, 97, 108)",3,0
hehhehheh,"(104, 101, 104, 104, 101, 104, 104, 101, 104)",1,0
news,"(110, 101, 119, 115)",2,0
its,"(105, 116, 115)",5,0
okay,"(111, 107, 97, 121)",35,0
final,"(102, 105, 110, 97, 108)",1,0
cliff,"(99, 108, 105, 102, 102)",1,0
organics,"(111, 114, 103, 97, 110, 105, 99, 115)",5,0
wants,"(119, 97, 110, 116, 115)",1,0
facility,"(102, 97, 99, 105, 108, 105, 116, 121)",3,0
let,"(108, 101, 116)",31,0
currently,"(99, 117, 114, 114, 101, 110, 116, 108, 121)",1,0
much,"(109, 117, 99, 104)",11,0
after,"(97, 102, 116, 101, 114)",17,0
o,"(111,)",1,0
don,"(100, 111, 110)",83,0
single,"(115, 105, 110, 103, 108, 101)",2,0
honesty,"(104, 111, 110, 101, 115, 116, 121)",3,0
more,"(109, 111, 114, 101)",16,0
alkali,"(97, 108, 107, 97, 108, 105)",1,0
arms,"(97, 114, 109, 115)",1,0
realistic,"(114, 101, 97, 108, 105, 115, 116, 105, 99)",1,0
grandkids,"(103, 114, 97, 110, 100, 107, 105, 100, 115)",1,0
glimpse,"(103, 108, 105, 109, 112, 115, 101)",1,0
turbulence,"(116, 117, 114, 98, 117, 108, 101, 110, 99, 101)",1,0
mystery,"(109, 121, 115, 116, 101, 114, 121)",1,0
left,"(108, 101, 102, 116)",15,0
necessary,"(110, 101, 99, 101, 115, 115, 97, 114, 121)",1,0
especially,"(101, 115, 112, 101, 99, 105, 97, 108, 108, 121)",1,0
down,"(100, 111, 119, 110)",35,0
eggheads,"(101, 103, 103, 104, 101, 97, 100, 115)",1,0
waited,"(119, 97, 105, 116, 101, 100)",1,0
uneducated,"(117, 110, 101, 100, 117, 99, 97, 116, 101, 100)",1,0
monstrous,"(109, 111, 110, 115, 116, 114, 111, 117, 115)",1,0
known,"(107, 110, 111, 119, 110)",1,0
traveling,"(116, 114, 97, 118, 101, 108, 105, 110, 103)",1,0
spiral,"(115, 112, 105, 114, 97, 108)",1,0
idiot,"(105, 100, 105, 111, 116)",1,0
jesus,"(106, 101, 115, 117, 115)",3,0
qualify,"(113, 117, 97, 108, 105, 102, 121)",1,0
machines,"(109, 97, 99, 104, 105, 110, 101, 115)",4,0
accident,"(97, 99, 99, 105, 100, 101, 110, 116)",2,0
relaxes,"(114, 101, 108, 97, 120, 101, 115)",1,0
knew,"(107, 110, 101, 119)",14,0
haywire,"(104, 97, 121, 119, 105, 114, 101)",1,0
literally,"(108, 105, 116, 101, 114, 97, 108, 108, 121)",2,0
theories,"(116, 104, 101, 111, 114, 105, 101, 115)",1,0
sure,"(115, 117, 114, 101)",9,0
misidentified,"(109, 105, 115, 105, 100, 101, 110, 116, 105, 102, 105, 101, 100)",1,0
swim,"(115, 119, 105, 109)",1,0
takes,"(116, 97, 107, 101, 115)",5,0
they,"(116, 104, 101, 121)",75,0
shows,"(115, 104, 111, 119, 115)",1,0
imperfect,"(105, 109, 112, 101, 114, 102, 101, 99, 116)",1,0
species,"(115, 112, 101, 99, 105, 101, 115)",3,0
long,"(108, 111, 110, 103)",15,0
star,"(115, 116, 97, 114)",3,0
visitors,"(118, 105, 115, 105, 116, 111, 114, 115)",1,0
optical,"(111, 112, 116, 105, 99, 97, 108)",1,0
lois,"(108, 111, 105, 115)",5,0
clue,"(99, 108, 117, 101)",1,0
override,"(111, 118, 101, 114, 114, 105, 100, 101)",3,0
master,"(109, 97, 115, 116, 101, 114)",1,0
year,"(121, 101, 97, 114)",7,0
tripped,"(116, 114, 105, 112, 112, 101, 100)",1,0
brilliant,"(98, 114, 105, 108, 108, 105, 97, 110, 116)",1,0
asshole,"(97, 115, 115, 104, 111, 108, 101)",1,0
intrude,"(105, 110, 116, 114, 117, 100, 101)",1,0
donald,"(100, 111, 110, 97, 108, 100)",5,0
flat,"(102, 108, 97, 116)",2,0
failure,"(102, 97, 105, 108, 117, 114, 101)",1,0
marines,"(109, 97, 114, 105, 110, 101, 115)",1,0
answers,"(97, 110, 115, 119, 101, 114, 115)",2,0
craft,"(99, 114, 97, 102, 116)",1,0
can,"(99, 97, 110)",77,0
off,"(111, 102, 102)",12,0
house,"(104, 111, 117, 115, 101)",1,0
look,"(108, 111, 111, 107)",21,0
calculations,"(99, 97, 108, 99, 117, 108, 97, 116, 105, 111, 110, 115)",1,0
remember,"(114, 101, 109, 101, 109, 98, 101, 114)",5,0
lifespans,"(108, 105, 102, 101, 115, 112, 97, 110, 115)",1,0
babe,"(98, 97, 98, 101)",1,0
reasons,"(114, 101, 97, 115, 111, 110, 115)",1,0
increasing,"(105, 110, 99, 114, 101, 97, 115, 105, 110, 103)",1,0
play,"(112, 108, 97, 121)",3,0
finest,"(102, 105, 110, 101, 115, 116)",1,0
shall,"(115, 104, 97, 108, 108)",1,0
game,"(103, 97, 109, 101)",1,0
radio,"(114, 97, 100, 105, 111)",1,0
hope,"(104, 111, 112, 101)",7,0
harder,"(104, 97, 114, 100, 101, 114)",1,0
and,"(97, 110, 100)",140,0
isn,"(105, 115, 110)",10,0
christmas,"(99, 104, 114, 105, 115, 116, 109, 97, 115)",1,0
agriculture,"(97, 103, 114, 105, 99, 117, 108, 116, 117, 114, 101)",1,0
shit,"(115, 104, 105, 116)",6,0
mention,"(109, 101, 110, 116, 105, 111, 110)",1,0
heat,"(104, 101, 97, 116)",2,0
wonder,"(119, 111, 110, 100, 101, 114)",1,0
space,"(115, 112, 97, 99, 101)",9,0
leaving,"(108, 101, 97, 118, 105, 110, 103)",7,0
onto,"(111, 110, 116, 111)",1,0
forty,"(102, 111, 114, 116, 121)",1,0
thrusters,"(116, 104, 114, 117, 115, 116, 101, 114, 115)",8,0
board,"(98, 111, 97, 114, 100)",1,0
significant,"(115, 105, 103, 110, 105, 102, 105, 99, 97, 110, 116)",1,0
110,"(49, 49, 48)",1,0
compound,"(99, 111, 109, 112, 111, 117, 110, 100)",1,0
travel,"(116, 114, 97, 118, 101, 108)",3,0
drastically,"(100, 114, 97, 115, 116, 105, 99, 97, 108, 108, 121)",1,0
dipping,"(100, 105, 112, 112, 105, 110, 103)",1,0
fine,"(102, 105, 110, 101)",5,0
under,"(117, 110, 100, 101, 114)",1,0
reach,"(114, 101, 97, 99, 104)",4,0
follow,"(102, 111, 108, 108, 111, 119)",5,0
where,"(119, 104, 101, 114, 101)",22,0
dropping,"(100, 114, 111, 112, 112, 105, 110, 103)",1,0
gear,"(103, 101, 97, 114)",1,0
reservoir,"(114, 101, 115, 101, 114, 118, 111, 105, 114)",1,0
damn,"(100, 97, 109, 110)",2,0
near,"(110, 101, 97, 114)",5,0
constant,"(99, 111, 110, 115, 116, 97, 110, 116)",2,0
says,"(115, 97, 121, 115)",9,0
propaganda,"(112, 114, 111, 112, 97, 103, 97, 110, 100, 97)",1,0
solar,"(115, 111, 108, 97, 114)",4,0
lightly,"(108, 105, 103, 104, 116, 108, 121)",1,0
plate,"(112, 108, 97, 116, 101)",2,0
amazing,"(97, 109, 97, 122, 105, 110, 103)",1,0
colder,"(99, 111, 108, 100, 101, 114)",1,0
eaten,"(101, 97, 116, 101, 110)",1,0
abundantly,"(97, 98, 117, 110, 100, 97, 110, 116, 108, 121)",1,0
i,"(105,)",371,0
hurting,"(104, 117, 114, 116, 105, 110, 103)",1,0
ease,"(101, 97, 115, 101)",1,0
adapt,"(97, 100, 97, 112, 116)",2,0
enough,"(101, 110, 111, 117, 103, 104)",12,0
broken,"(98, 114, 111, 107, 101, 110)",3,0
burn,"(98, 117, 114, 110)",3,0
worry,"(119, 111, 114, 114, 121)",2,0
till,"(116, 105, 108, 108)",1,0
amelia,"(97, 109, 101, 108, 105, 97)",6,0
praying,"(112, 114, 97, 121, 105, 110, 103)",1,0
ring,"(114, 105, 110, 103)",1,0
taking,"(116, 97, 107, 105, 110, 103)",6,0
rips,"(114, 105, 112, 115)",1,0
sounded,"(115, 111, 117, 110, 100, 101, 100)",1,0
exist,"(101, 120, 105, 115, 116)",3,0
starting,"(115, 116, 97, 114, 116, 105, 110, 103)",2,0
cached,"(99, 97, 99, 104, 101, 100)",1,0
makes,"(109, 97, 107, 101, 115)",4,0
about,"(97, 98, 111, 117, 116)",48,0
scratch,"(115, 99, 114, 97, 116, 99, 104)",1,0
sucks,"(115, 117, 99, 107, 115)",2,0
sitting,"(115, 105, 116, 116, 105, 110, 103)",1,0
week,"(119, 101, 101, 107)",1,0
from,"(102, 114, 111, 109)",28,0
bullet,"(98, 117, 108, 108, 101, 116)",1,0
downstairs,"(100, 111, 119, 110, 115, 116, 97, 105, 114, 115)",1,0
call,"(99, 97, 108, 108)",4,0
word,"(119, 111, 114, 100)",2,0
soon,"(115, 111, 111, 110)",2,0
barrier,"(98, 97, 114, 114, 105, 101, 114)",1,0
federal,"(102, 101, 100, 101, 114, 97, 108)",1,0
shot,"(115, 104, 111, 116)",4,0
longer,"(108, 111, 110, 103, 101, 114)",2,0
swing,"(115, 119, 105, 110, 103)",1,0
showed,"(115, 104, 111, 119, 101, 100)",1,0
back,"(98, 97, 99, 107)",63,0
that,"(116, 104, 97, 116)",186,0
limited,"(108, 105, 109, 105, 116, 101, 100)",1,0
keeps,"(107, 101, 101, 112, 115)",1,0
without,"(119, 105, 116, 104, 111, 117, 116)",6,0
bag,"(98, 97, 103)",1,0
exactly,"(101, 120, 97, 99, 116, 108, 121)",6,0
fighter,"(102, 105, 103, 104, 116, 101, 114)",1,0
holy,"(104, 111, 108, 121)",1,0
saw,"(115, 97, 119)",1,0
build,"(98, 117, 105, 108, 100)",1,0
thumbs,"(116, 104, 117, 109, 98, 115)",2,0
pearl,"(112, 101, 97, 114, 108)",1,0
choose,"(99, 104, 111, 111, 115, 101)",2,0
humanity,"(104, 117, 109, 97, 110, 105, 116, 121)",2,0
forever,"(102, 111, 114, 101, 118, 101, 114)",2,0
wasting,"(119, 97, 115, 116, 105, 110, 103)",1,0
getting,"(103, 101, 116, 116, 105, 110, 103)",9,0
communications,"(99, 111, 109, 109, 117, 110, 105, 99, 97, 116, 105, 111, 110, 115)",2,0
wow,"(119, 111, 119)",1,0
meant,"(109, 101, 97, 110, 116)",5,0
windows,"(119, 105, 110, 100, 111, 119, 115)",1,0
cleaner,"(99, 108, 101, 97, 110, 101, 114)",1,0
mri,"(109, 114, 105)",1,0
ten,"(116, 101, 110)",4,0
kipp,"(107, 105, 112, 112)",3,0
only,"(111, 110, 108, 121)",9,0
humor,"(104, 117, 109, 111, 114)",3,0
happens,"(104, 97, 112, 112, 101, 110, 115)",3,0
socially,"(115, 111, 99, 105, 97, 108, 108, 121)",1,0
collapsed,"(99, 111, 108, 108, 97, 112, 115, 101, 100)",1,0
dot,"(100, 111, 116)",2,0
push,"(112, 117, 115, 104)",3,0
easy,"(101, 97, 115, 121)",5,0
unbelievable,"(117, 110, 98, 101, 108, 105, 101, 118, 97, 98, 108, 101)",1,0
slick,"(115, 108, 105, 99, 107)",3,0
goddamn,"(103, 111, 100, 100, 97, 109, 110)",1,0
another,"(97, 110, 111, 116, 104, 101, 114)",10,0
worked,"(119, 111, 114, 107, 101, 100)",2,0
resource,"(114, 101, 115, 111, 117, 114, 99, 101)",1,0
driven,"(100, 114, 105, 118, 101, 110)",1,0
weeks,"(119, 101, 101, 107, 115)",1,0
lazarus,"(108, 97, 122, 97, 114, 117, 115)",4,0
boosters,"(98, 111, 111, 115, 116, 101, 114, 115)",1,0
fritter,"(102, 114, 105, 116, 116, 101, 114)",1,0
exhausted,"(101, 120, 104, 97, 117, 115, 116, 101, 100)",1,0
s,"(115,)",314,0
combine,"(99, 111, 109, 98, 105, 110, 101)",1,0
singularity,"(115, 105, 110, 103, 117, 108, 97, 114, 105, 116, 121)",5,0
desperate,"(100, 101, 115, 112, 101, 114, 97, 116, 101)",1,0
thirty,"(116, 104, 105, 114, 116, 121)",1,0
age,"(97, 103, 101)",5,0
exmites,"(101, 120, 109, 105, 116, 101, 115)",1,0
rpm,"(114, 112, 109)",1,0
change,"(99, 104, 97, 110, 103, 101)",3,0
underground,"(117, 110, 100, 101, 114, 103, 114, 111, 117, 110, 100)",1,0
events,"(101, 118, 101, 110, 116, 115)",1,0
corrected,"(99, 111, 114, 114, 101, 99, 116, 101, 100)",2,0
excuse,"(101, 120, 99, 117, 115, 101)",1,0
48,"(52, 56)",1,0
their,"(116, 104, 101, 105, 114)",13,0
forked,"(102, 111, 114, 107, 101, 100)",1,0
door,"(100, 111, 111, 114)",1,0
thin,"(116, 104, 105, 110)",1,0
letting,"(108, 101, 116, 116, 105, 110, 103)",1,0
survived,"(115, 117, 114, 118, 105, 118, 101, 100)",1,0
12,"(49, 50)",1,0
quantifiable,"(113, 117, 97, 110, 116, 105, 102, 105, 97, 98, 108, 101)",1,0
but,"(98, 117, 116)",91,0
talk,"(116, 97, 108, 107)",10,0
thirtythree,"(116, 104, 105, 114, 116, 121, 116, 104, 114, 101, 101)",1,0
tales,"(116, 97, 108, 101, 115)",1,0
lightning,"(108, 105, 103, 104, 116, 110, 105, 110, 103)",1,0
escape,"(101, 115, 99, 97, 112, 101)",2,0
we,"(119, 101)",246,0
daughter,"(100, 97, 117, 103, 104, 116, 101, 114)",10,0
send,"(115, 101, 110, 100)",5,0
messages,"(109, 101, 115, 115, 97, 103, 101, 115)",4,0
hole,"(104, 111, 108, 101)",17,0
mr,"(109, 114)",5,0
bound,"(98, 111, 117, 110, 100)",1,0
physicist,"(112, 104, 121, 115, 105, 99, 105, 115, 116)",2,0
must,"(109, 117, 115, 116)",6,0
romilly,"(114, 111, 109, 105, 108, 108, 121)",14,0
judge,"(106, 117, 100, 103, 101)",1,0
active,"(97, 99, 116, 105, 118, 101)",1,0
excites,"(101, 120, 99, 105, 116, 101, 115)",2,0
try,"(116, 114, 121)",6,0
done,"(100, 111, 110, 101)",7,0
driving,"(100, 114, 105, 118, 105, 110, 103)",2,0
textbooks,"(116, 101, 120, 116, 98, 111, 111, 107, 115)",1,0
get,"(103, 101, 116)",57,0
me,"(109, 101)",97,0
say,"(115, 97, 121)",15,0
boy,"(98, 111, 121)",1,0
giant,"(103, 105, 97, 110, 116)",1,0
ll,"(108, 108)",35,0
spark,"(115, 112, 97, 114, 107)",2,0
hold,"(104, 111, 108, 100)",2,0
lot,"(108, 111, 116)",8,0
date,"(100, 97, 116, 101)",1,0
g,"(103,)",1,0
opinion,"(111, 112, 105, 110, 105, 111, 110)",1,0
elements,"(101, 108, 101, 109, 101, 110, 116, 115)",1,0
steady,"(115, 116, 101, 97, 100, 121)",2,0
moving,"(109, 111, 118, 105, 110, 103)",2,0
cross,"(99, 114, 111, 115, 115)",1,0
marooning,"(109, 97, 114, 111, 111, 110, 105, 110, 103)",1,0
blow,"(98, 108, 111, 119)",5,0
factor,"(102, 97, 99, 116, 111, 114)",1,0
become,"(98, 101, 99, 111, 109, 101)",2,0
important,"(105, 109, 112, 111, 114, 116, 97, 110, 116)",1,0
yachtsmen,"(121, 97, 99, 104, 116, 115, 109, 101, 110)",1,0
friend,"(102, 114, 105, 101, 110, 100)",1,0
reconcile,"(114, 101, 99, 111, 110, 99, 105, 108, 101)",1,0
really,"(114, 101, 97, 108, 108, 121)",10,0
keep,"(107, 101, 101, 112)",9,0
shut,"(115, 104, 117, 116)",6,0
lander,"(108, 97, 110, 100, 101, 114)",5,0
ninety,"(110, 105, 110, 101, 116, 121)",3,0
judging,"(106, 117, 100, 103, 105, 110, 103)",1,0
byebye,"(98, 121, 101, 98, 121, 101)",2,0
rarely,"(114, 97, 114, 101, 108, 121)",1,0
as,"(97, 115)",30,0
compare,"(99, 111, 109, 112, 97, 114, 101)",1,0
whatever,"(119, 104, 97, 116, 101, 118, 101, 114)",4,0
scientific,"(115, 99, 105, 101, 110, 116, 105, 102, 105, 99)",2,0
form,"(102, 111, 114, 109)",2,0
clean,"(99, 108, 101, 97, 110)",2,0
farther,"(102, 97, 114, 116, 104, 101, 114)",1,0
hypersleep,"(104, 121, 112, 101, 114, 115, 108, 101, 101, 112)",1,0
panic,"(112, 97, 110, 105, 99)",1,0
hasn,"(104, 97, 115, 110)",1,0
pay,"(112, 97, 121)",1,0
quick,"(113, 117, 105, 99, 107)",1,0
peeling,"(112, 101, 101, 108, 105, 110, 103)",1,0
fucking,"(102, 117, 99, 107, 105, 110, 103)",2,0
otherwise,"(111, 116, 104, 101, 114, 119, 105, 115, 101)",1,0
intended,"(105, 110, 116, 101, 110, 100, 101, 100)",1,0
discretion,"(100, 105, 115, 99, 114, 101, 116, 105, 111, 110)",1,0
received,"(114, 101, 99, 101, 105, 118, 101, 100)",1,0
big,"(98, 105, 103)",2,0
900,"(57, 48, 48)",1,0
overriding,"(111, 118, 101, 114, 114, 105, 100, 105, 110, 103)",1,0
college,"(99, 111, 108, 108, 101, 103, 101)",2,0
naturally,"(110, 97, 116, 117, 114, 97, 108, 108, 121)",1,0
explaining,"(101, 120, 112, 108, 97, 105, 110, 105, 110, 103)",1,0
stage,"(115, 116, 97, 103, 101)",3,0
mann,"(109, 97, 110, 110)",27,0
lock,"(108, 111, 99, 107)",1,0
engin,"(101, 110, 103, 105, 110)",1,0
observable,"(111, 98, 115, 101, 114, 118, 97, 98, 108, 101)",1,0
civilization,"(99, 105, 118, 105, 108, 105, 122, 97, 116, 105, 111, 110)",1,0
powerful,"(112, 111, 119, 101, 114, 102, 117, 108)",2,0
detecting,"(100, 101, 116, 101, 99, 116, 105, 110, 103)",1,0
using,"(117, 115, 105, 110, 103)",2,0
choice,"(99, 104, 111, 105, 99, 101)",1,0
gps,"(103, 112, 115)",1,0
gadget,"(103, 97, 100, 103, 101, 116)",1,0
new,"(110, 101, 119)",8,0
belong,"(98, 101, 108, 111, 110, 103)",1,0
meters,"(109, 101, 116, 101, 114, 115)",4,0
reckless,"(114, 101, 99, 107, 108, 101, 115, 115)",2,0
particle,"(112, 97, 114, 116, 105, 99, 108, 101)",1,0
improvise,"(105, 109, 112, 114, 111, 118, 105, 115, 101)",1,0
phase,"(112, 104, 97, 115, 101)",1,0
turned,"(116, 117, 114, 110, 101, 100)",1,0
surrogacy,"(115, 117, 114, 114, 111, 103, 97, 99, 121)",1,0
didn,"(100, 105, 100, 110)",26,0
daddy,"(100, 97, 100, 100, 121)",1,0
habitable,"(104, 97, 98, 105, 116, 97, 98, 108, 101)",1,0
anomalies,"(97, 110, 111, 109, 97, 108, 105, 101, 115)",3,0
repeat,"(114, 101, 112, 101, 97, 116)",8,0
invented,"(105, 110, 118, 101, 110, 116, 101, 100)",1,0
zero,"(122, 101, 114, 111)",1,0
inner,"(105, 110, 110, 101, 114)",1,0
chamber,"(99, 104, 97, 109, 98, 101, 114)",1,0
copilot,"(99, 111, 112, 105, 108, 111, 116)",1,0
would,"(119, 111, 117, 108, 100)",21,0
father,"(102, 97, 116, 104, 101, 114)",13,0
said,"(115, 97, 105, 100)",11,0
agh,"(97, 103, 104)",1,0
initiate,"(105, 110, 105, 116, 105, 97, 116, 101)",1,0
11,"(49, 49)",1,0
candy,"(99, 97, 110, 100, 121)",1,0
miss,"(109, 105, 115, 115)",5,0
sleeping,"(115, 108, 101, 101, 112, 105, 110, 103)",2,0
cannot,"(99, 97, 110, 110, 111, 116)",2,0
faces,"(102, 97, 99, 101, 115)",1,0
turns,"(116, 117, 114, 110, 115)",1,0
assumption,"(97, 115, 115, 117, 109, 112, 116, 105, 111, 110)",1,0
saved,"(115, 97, 118, 101, 100)",1,0
strips,"(115, 116, 114, 105, 112, 115)",2,0
rebuilt,"(114, 101, 98, 117, 105, 108, 116)",1,0
communicate,"(99, 111, 109, 109, 117, 110, 105, 99, 97, 116, 101)",5,0
squeeze,"(115, 113, 117, 101, 101, 122, 101)",1,0
sec,"(115, 101, 99)",2,0
dreaming,"(100, 114, 101, 97, 109, 105, 110, 103)",2,0
able,"(97, 98, 108, 101)",1,0
annual,"(97, 110, 110, 117, 97, 108)",1,0
bless,"(98, 108, 101, 115, 115)",1,0
hanley,"(104, 97, 110, 108, 101, 121)",2,0
things,"(116, 104, 105, 110, 103, 115)",5,0
honestly,"(104, 111, 110, 101, 115, 116, 108, 121)",1,0
sorry,"(115, 111, 114, 114, 121)",20,0
ground,"(103, 114, 111, 117, 110, 100)",2,0
why,"(119, 104, 121)",32,0
breathable,"(98, 114, 101, 97, 116, 104, 97, 98, 108, 101)",1,0
poem,"(112, 111, 101, 109)",1,0
not,"(110, 111, 116)",82,0
problem,"(112, 114, 111, 98, 108, 101, 109)",3,0
pouring,"(112, 111, 117, 114, 105, 110, 103)",1,0
took,"(116, 111, 111, 107)",1,0
perfect,"(112, 101, 114, 102, 101, 99, 116)",2,0
skills,"(115, 107, 105, 108, 108, 115)",1,0
shutting,"(115, 104, 117, 116, 116, 105, 110, 103)",2,0
traditional,"(116, 114, 97, 100, 105, 116, 105, 111, 110, 97, 108)",1,0
conserve,"(99, 111, 110, 115, 101, 114, 118, 101)",2,0
if,"(105, 102)",41,0
fix,"(102, 105, 120)",5,0
man,"(109, 97, 110)",5,0
surprise,"(115, 117, 114, 112, 114, 105, 115, 101)",1,0
suspect,"(115, 117, 115, 112, 101, 99, 116)",1,0
squalls,"(115, 113, 117, 97, 108, 108, 115)",1,0
comets,"(99, 111, 109, 101, 116, 115)",1,0
none,"(110, 111, 110, 101)",3,0
emotional,"(101, 109, 111, 116, 105, 111, 110, 97, 108)",1,0
make,"(109, 97, 107, 101)",24,0
punishing,"(112, 117, 110, 105, 115, 104, 105, 110, 103)",2,0
making,"(109, 97, 107, 105, 110, 103)",3,0
spare,"(115, 112, 97, 114, 101)",3,0
5,"(53,)",1,0
four,"(102, 111, 117, 114)",3,0
magnetic,"(109, 97, 103, 110, 101, 116, 105, 99)",1,0
expeditions,"(101, 120, 112, 101, 100, 105, 116, 105, 111, 110, 115)",1,0
footsteps,"(102, 111, 111, 116, 115, 116, 101, 112, 115)",1,0
shortcut,"(115, 104, 111, 114, 116, 99, 117, 116)",1,0
knowing,"(107, 110, 111, 119, 105, 110, 103)",1,0
inspiration,"(105, 110, 115, 112, 105, 114, 97, 116, 105, 111, 110)",1,0
supply,"(115, 117, 112, 112, 108, 121)",2,0
retro,"(114, 101, 116, 114, 111)",3,0
insisted,"(105, 110, 115, 105, 115, 116, 101, 100)",1,0
launches,"(108, 97, 117, 110, 99, 104, 101, 115)",1,0
turbo,"(116, 117, 114, 98, 111)",2,0
slipping,"(115, 108, 105, 112, 112, 105, 110, 103)",1,0
solved,"(115, 111, 108, 118, 101, 100)",3,0
check,"(99, 104, 101, 99, 107)",4,0
law,"(108, 97, 119)",6,0
colony,"(99, 111, 108, 111, 110, 121)",4,0
dark,"(100, 97, 114, 107)",2,0
candidate,"(99, 97, 110, 100, 105, 100, 97, 116, 101)",1,0
habitate,"(104, 97, 98, 105, 116, 97, 116, 101)",1,0
wave,"(119, 97, 118, 101)",2,0
parent,"(112, 97, 114, 101, 110, 116)",4,0
flying,"(102, 108, 121, 105, 110, 103)",1,0
universe,"(117, 110, 105, 118, 101, 114, 115, 101)",2,0
hey,"(104, 101, 121)",20,0
couple,"(99, 111, 117, 112, 108, 101)",5,0
frozen,"(102, 114, 111, 122, 101, 110)",1,0
grind,"(103, 114, 105, 110, 100)",1,0
wrong,"(119, 114, 111, 110, 103)",7,0
sit,"(115, 105, 116)",2,0
afraid,"(97, 102, 114, 97, 105, 100)",7,0
did,"(100, 105, 100)",24,0
yourself,"(121, 111, 117, 114, 115, 101, 108, 102)",3,0
within,"(119, 105, 116, 104, 105, 110)",2,0
repopulating,"(114, 101, 112, 111, 112, 117, 108, 97, 116, 105, 110, 103)",1,0
today,"(116, 111, 100, 97, 121)",5,0
mad,"(109, 97, 100)",2,0
social,"(115, 111, 99, 105, 97, 108)",3,0
for,"(102, 111, 114)",95,0
simulator,"(115, 105, 109, 117, 108, 97, 116, 111, 114)",1,0
certainly,"(99, 101, 114, 116, 97, 105, 110, 108, 121)",1,0
greatest,"(103, 114, 101, 97, 116, 101, 115, 116)",1,0
strike,"(115, 116, 114, 105, 107, 101)",2,0
somehow,"(115, 111, 109, 101, 104, 111, 119)",1,0
deactivate,"(100, 101, 97, 99, 116, 105, 118, 97, 116, 101)",1,0
wheel,"(119, 104, 101, 101, 108)",1,0
safe,"(115, 97, 102, 101)",4,0
university,"(117, 110, 105, 118, 101, 114, 115, 105, 116, 121)",2,0
c,"(99,)",1,0
phenomenon,"(112, 104, 101, 110, 111, 109, 101, 110, 111, 110)",1,0
coordinates,"(99, 111, 111, 114, 100, 105, 110, 97, 116, 101, 115)",5,0
cling,"(99, 108, 105, 110, 103)",1,0
a,"(97,)",241,0
lined,"(108, 105, 110, 101, 100)",1,0
marked,"(109, 97, 114, 107, 101, 100)",1,0
truck,"(116, 114, 117, 99, 107)",3,0
dead,"(100, 101, 97, 100)",5,0
appear,"(97, 112, 112, 101, 97, 114)",1,0
000,"(48, 48, 48)",1,0
human,"(104, 117, 109, 97, 110)",11,0
flame,"(102, 108, 97, 109, 101)",1,0
heart,"(104, 101, 97, 114, 116)",2,0
lets,"(108, 101, 116, 115)",2,0
pillow,"(112, 105, 108, 108, 111, 119)",1,0
honored,"(104, 111, 110, 111, 114, 101, 100)",1,0
begin,"(98, 101, 103, 105, 110)",1,0
expedition,"(101, 120, 112, 101, 100, 105, 116, 105, 111, 110)",1,0
toward,"(116, 111, 119, 97, 114, 100)",1,0
maneuver,"(109, 97, 110, 101, 117, 118, 101, 114)",2,0
access,"(97, 99, 99, 101, 115, 115)",2,0
named,"(110, 97, 109, 101, 100)",2,0
setting,"(115, 101, 116, 116, 105, 110, 103)",6,0
early,"(101, 97, 114, 108, 121)",2,0
anyone,"(97, 110, 121, 111, 110, 101)",2,0
forces,"(102, 111, 114, 99, 101, 115)",1,0
mind,"(109, 105, 110, 100)",2,0
something,"(115, 111, 109, 101, 116, 104, 105, 110, 103)",25,0
family,"(102, 97, 109, 105, 108, 121)",8,0
bullshit,"(98, 117, 108, 108, 115, 104, 105, 116)",1,0
72,"(55, 50)",1,0
manual,"(109, 97, 110, 117, 97, 108)",2,0
finished,"(102, 105, 110, 105, 115, 104, 101, 100)",2,0
anyway,"(97, 110, 121, 119, 97, 121)",2,0
match,"(109, 97, 116, 99, 104)",1,0
interstellar,"(105, 110, 116, 101, 114, 115, 116, 101, 108, 108, 97, 114)",1,0
poltergeist,"(112, 111, 108, 116, 101, 114, 103, 101, 105, 115, 116)",1,0
never,"(110, 101, 118, 101, 114)",19,0
survive,"(115, 117, 114, 118, 105, 118, 101)",5,0
instruments,"(105, 110, 115, 116, 114, 117, 109, 101, 110, 116, 115)",1,0
mach,"(109, 97, 99, 104)",1,0
upon,"(117, 112, 111, 110)",1,0
contact,"(99, 111, 110, 116, 97, 99, 116)",1,0
happened,"(104, 97, 112, 112, 101, 110, 101, 100)",4,0
stay,"(115, 116, 97, 121)",19,0
bravest,"(98, 114, 97, 118, 101, 115, 116)",1,0
three,"(116, 104, 114, 101, 101)",16,0
time,"(116, 105, 109, 101)",51,0
trained,"(116, 114, 97, 105, 110, 101, 100)",2,0
drain,"(100, 114, 97, 105, 110)",1,0
hand,"(104, 97, 110, 100)",1,0
probe,"(112, 114, 111, 98, 101)",6,0
rage,"(114, 97, 103, 101)",6,0
atmospheric,"(97, 116, 109, 111, 115, 112, 104, 101, 114, 105, 99)",1,0
looked,"(108, 111, 111, 107, 101, 100)",1,0
onboard,"(111, 110, 98, 111, 97, 114, 100)",1,0
union,"(117, 110, 105, 111, 110)",1,0
settling,"(115, 101, 116, 116, 108, 105, 110, 103)",1,0
jesse,"(106, 101, 115, 115, 101)",4,0
cutters,"(99, 117, 116, 116, 101, 114, 115)",1,0
hoped,"(104, 111, 112, 101, 100)",1,0
usually,"(117, 115, 117, 97, 108, 108, 121)",1,0
checked,"(99, 104, 101, 99, 107, 101, 100)",1,0
gathered,"(103, 97, 116, 104, 101, 114, 101, 100)",1,0
it,"(105, 116)",295,0
surely,"(115, 117, 114, 101, 108, 121)",1,0
landed,"(108, 97, 110, 100, 101, 100)",3,0
parentteacher,"(112, 97, 114, 101, 110, 116, 116, 101, 97, 99, 104, 101, 114)",1,0
stick,"(115, 116, 105, 99, 107)",4,0
lightness,"(108, 105, 103, 104, 116, 110, 101, 115, 115)",1,0
worse,"(119, 111, 114, 115, 101)",1,0
graceful,"(103, 114, 97, 99, 101, 102, 117, 108)",1,0
powered,"(112, 111, 119, 101, 114, 101, 100)",1,0
hard,"(104, 97, 114, 100)",4,0
simply,"(115, 105, 109, 112, 108, 121)",1,0
resisted,"(114, 101, 115, 105, 115, 116, 101, 100)",1,0
spend,"(115, 112, 101, 110, 100)",2,0
slaves,"(115, 108, 97, 118, 101, 115)",1,0
slide,"(115, 108, 105, 100, 101)",1,0
sound,"(115, 111, 117, 110, 100)",1,0
system,"(115, 121, 115, 116, 101, 109)",5,0
figure,"(102, 105, 103, 117, 114, 101)",3,0
orbiting,"(111, 114, 98, 105, 116, 105, 110, 103)",2,0
gentle,"(103, 101, 110, 116, 108, 101)",8,0
tiniest,"(116, 105, 110, 105, 101, 115, 116)",1,0
waves,"(119, 97, 118, 101, 115)",1,0
science,"(115, 99, 105, 101, 110, 99, 101)",2,0
bitch,"(98, 105, 116, 99, 104)",1,0
hang,"(104, 97, 110, 103)",6,0
thinks,"(116, 104, 105, 110, 107, 115)",1,0
side,"(115, 105, 100, 101)",5,0
dotdot,"(100, 111, 116, 100, 111, 116)",1,0
cute,"(99, 117, 116, 101)",1,0
minding,"(109, 105, 110, 100, 105, 110, 103)",1,0
teachers,"(116, 101, 97, 99, 104, 101, 114, 115)",1,0
explain,"(101, 120, 112, 108, 97, 105, 110)",2,0
funny,"(102, 117, 110, 110, 121)",2,0
fit,"(102, 105, 116)",1,0
stretch,"(115, 116, 114, 101, 116, 99, 104)",2,0
wasn,"(119, 97, 115, 110)",8,0
lungs,"(108, 117, 110, 103, 115)",1,0
hundred,"(104, 117, 110, 100, 114, 101, 100)",4,0
yup,"(121, 117, 112)",1,0
seven,"(115, 101, 118, 101, 110)",5,0
kicked,"(107, 105, 99, 107, 101, 100)",1,0
hear,"(104, 101, 97, 114)",5,0
sucked,"(115, 117, 99, 107, 101, 100)",1,0
safety,"(115, 97, 102, 101, 116, 121)",3,0
handover,"(104, 97, 110, 100, 111, 118, 101, 114)",1,0
